{"Date":[8,1],"Enemy":[[[2,3],[2,6],[21,6],[21,13],[5,13]]],"Masses":[[{"0":{"60px":false,"path":"","x":0,"y":0},"1":{"60px":false,"path":"","x":0,"y":0},"2":{"60px":false,"path":"","x":0,"y":0},"item":{"path":"","visible":false,"x":0,"y":0},"obstacle":false,"pass":true},{"0":{"60px":false,"path":"","x":0,"y":0},"1":{"60px":false,"path":"","x":0,"y":0},"2":{"60px":false,"path":"","x":0,"y":0},"item":{"path":"","visible":false,"x":0,"y":0},"obstacle":false,"pass":true},{"0":{"60px":false,"path":"","x":0,"y":0},"1":{"60px":false,"path":"","x":0,"y":0},"2":{"60px":false,"path":"","x":0,"y":0},"item":{"path":"","visible":false,"x":0,"y":0},"obstacle":false,"pass":true},{"0":{"60px":false,"path":"","x":0,"y":0},"1":{"60px":false,"path":"","x":0,"y":0},"2":{"60px":false,"path":"","x":0,"y":0},"item":{"path":"","visible":false,"x":0,"y":0},"obstacle":false,"pass":true},{"0":{"60px":false,"path":"","x":0,"y":0},"1":{"60px":false,"path":"","x":0,"y":0},"2":{"60px":false,"path":"","x":0,"y":0},"item":{"path":"","visible":false,"x":0,"y":0},"obstacle":false,"pass":true},{"0":{"60px":false,"path":"","x":0,"y":0},"1":{"60px":false,"path":"","x":0,"y":0},"2":{"60px":false,"path":"","x":0,"y":0},"item":{"path":"","visible":false,"x":0,"y":0},"obstacle":false,"pass":true},{"0":{"60px":false,"path":"","x":0,"y":0},"1":{"60px":false,"path":"","x":0,"y":0},"2":{"60px":false,"path":"","x":0,"y":0},"item":{"path":"","visible":false,"x":0,"y":0},"obstacle":false,"pass":true},{"0":{"60px":false,"path":"","x":0,"y":0},"1":{"60px":false,"path":"","x":0,"y":0},"2":{"60px":false,"path":"","x":0,"y":0},"item":{"path":"","visible":false,"x":0,"y":0},"obstacle":false,"pass":true},{"0":{"60px":false,"path":"","x":0,"y":0},"1":{"60px":false,"path":"","x":0,"y":0},"2":{"60px":false,"path":"","x":0,"y":0},"item":{"path":"","visible":false,"x":0,"y":0},"obstacle":false,"pass":true},{"0":{"60px":false,"path":"","x":0,"y":0},"1":{"60px":false,"path":"","x":0,"y":0},"2":{"60px":false,"path":"","x":0,"y":0},"item":{"path":"","visible":false,"x":0,"y":0},"obstacle":false,"pass":true},{"0":{"60px":false,"path":"","x":0,"y":0},"1":{"60px":false,"path":"","x":0,"y":0},"2":{"60px":false,"path":"","x":0,"y":0},"item":{"path":"","visible":false,"x":0,"y":0},"obstacle":false,"pass":true},{"0":{"60px":false,"path":"","x":0,"y":0},"1":{"60px":false,"path":"","x":0,"y":0},"2":{"60px":false,"path":"","x":0,"y":0},"item":{"path":"","visible":false,"x":0,"y":0},"obstacle":false,"pass":true},{"0":{"60px":false,"path":"","x":0,"y":0},"1":{"60px":false,"path":"","x":0,"y":0},"2":{"60px":false,"path":"","x":0,"y":0},"item":{"path":"","visible":false,"x":0,"y":0},"obstacle":false,"pass":true},{"0":{"60px":false,"path":"","x":0,"y":0},"1":{"60px":false,"path":"","x":0,"y":0},"2":{"60px":false,"path":"","x":0,"y":0},"item":{"path":"","visible":false,"x":0,"y":0},"obstacle":false,"pass":true},{"0":{"60px":false,"path":"","x":0,"y":0},"1":{"60px":false,"path":"","x":0,"y":0},"2":{"60px":false,"path":"","x":0,"y":0},"item":{"path":"","visible":false,"x":0,"y":0},"obstacle":false,"pass":true},{"0":{"60px":false,"path":"","x":0,"y":0},"1":{"60px":false,"path":"","x":0,"y":0},"2":{"60px":false,"path":"","x":0,"y":0},"item":{"path":"","visible":false,"x":0,"y":0},"obstacle":false,"pass":true},{"0":{"60px":false,"path":"","x":0,"y":0},"1":{"60px":false,"path":"","x":0,"y":0},"2":{"60px":false,"path":"","x":0,"y":0},"item":{"path":"","visible":false,"x":0,"y":0},"obstacle":false,"pass":true},{"0":{"60px":false,"path":"","x":0,"y":0},"1":{"60px":false,"path":"","x":0,"y":0},"2":{"60px":false,"path":"","x":0,"y":0},"item":{"path":"","visible":false,"x":0,"y":0},"obstacle":false,"pass":true},{"0":{"60px":false,"path":"","x":0,"y":0},"1":{"60px":false,"path":"","x":0,"y":0},"2":{"60px":false,"path":"","x":0,"y":0},"item":{"path":"","visible":false,"x":0,"y":0},"obstacle":false,"pass":true},{"0":{"60px":false,"path":"","x":0,"y":0},"1":{"60px":false,"path":"","x":0,"y":0},"2":{"60px":false,"path":"","x":0,"y":0},"item":{"path":"","visible":false,"x":0,"y":0},"obstacle":false,"pass":true},{"0":{"60px":false,"path":"","x":0,"y":0},"1":{"60px":false,"path":"","x":0,"y":0},"2":{"60px":false,"path":"","x":0,"y":0},"item":{"path":"","visible":false,"x":0,"y":0},"obstacle":false,"pass":true},{"0":{"60px":false,"path":"","x":0,"y":0},"1":{"60px":false,"path":"","x":0,"y":0},"2":{"60px":false,"path":"","x":0,"y":0},"item":{"path":"","visible":false,"x":0,"y":0},"obstacle":false,"pass":true},{"0":{"60px":false,"path":"","x":0,"y":0},"1":{"60px":false,"path":"","x":0,"y":0},"2":{"60px":false,"path":"","x":0,"y":0},"item":{"path":"","visible":false,"x":0,"y":0},"obstacle":false,"pass":true}],[{"0":{"60px":false,"path":"Res\/Graph\/Mass\/h40\/chip.png","x":0,"y":0},"1":{"60px":true,"path":"Res\/Graph\/Mass\/h60\/chip.png","x":120,"y":60},"2":{"60px":false,"path":"","x":0,"y":0},"item":{"path":"","visible":false,"x":0,"y":0},"obstacle":false,"pass":false},{"0":{"60px":false,"path":"Res\/Graph\/Mass\/h40\/chip.png","x":0,"y":0},"1":{"60px":true,"path":"Res\/Graph\/Mass\/h60\/chip.png","x":160,"y":0},"2":{"60px":false,"path":"","x":0,"y":0},"item":{"path":"","visible":false,"x":0,"y":0},"obstacle":false,"pass":false},{"0":{"60px":false,"path":"Res\/Graph\/Mass\/h40\/chip.png","x":0,"y":0},"1":{"60px":true,"path":"Res\/Graph\/Mass\/h60\/chip.png","x":0,"y":60},"2":{"60px":false,"path":"","x":0,"y":0},"item":{"path":"","visible":false,"x":0,"y":0},"obstacle":false,"pass":false},{"0":{"60px":false,"path":"Res\/Graph\/Mass\/h40\/chip.png","x":0,"y":0},"1":{"60px":true,"path":"Res\/Graph\/Mass\/h60\/chip.png","x":120,"y":60},"2":{"60px":false,"path":"","x":0,"y":0},"item":{"path":"","visible":false,"x":0,"y":0},"obstacle":false,"pass":false},{"0":{"60px":false,"path":"Res\/Graph\/Mass\/h40\/chip.png","x":0,"y":0},"1":{"60px":true,"path":"Res\/Graph\/Mass\/h60\/chip.png","x":160,"y":0},"2":{"60px":false,"path":"","x":0,"y":0},"item":{"path":"","visible":false,"x":0,"y":0},"obstacle":false,"pass":false},{"0":{"60px":false,"path":"Res\/Graph\/Mass\/h40\/chip.png","x":0,"y":0},"1":{"60px":true,"path":"Res\/Graph\/Mass\/h60\/chip.png","x":160,"y":0},"2":{"60px":false,"path":"","x":0,"y":0},"item":{"path":"","visible":false,"x":0,"y":0},"obstacle":false,"pass":false},{"0":{"60px":false,"path":"Res\/Graph\/Mass\/h40\/chip.png","x":0,"y":0},"1":{"60px":true,"path":"Res\/Graph\/Mass\/h60\/chip.png","x":160,"y":0},"2":{"60px":false,"path":"","x":0,"y":0},"item":{"path":"","visible":false,"x":0,"y":0},"obstacle":false,"pass":false},{"0":{"60px":false,"path":"Res\/Graph\/Mass\/h40\/chip.png","x":0,"y":0},"1":{"60px":true,"path":"Res\/Graph\/Mass\/h60\/chip.png","x":160,"y":0},"2":{"60px":false,"path":"","x":0,"y":0},"item":{"path":"","visible":false,"x":0,"y":0},"obstacle":false,"pass":false},{"0":{"60px":false,"path":"Res\/Graph\/Mass\/h40\/chip.png","x":0,"y":0},"1":{"60px":true,"path":"Res\/Graph\/Mass\/h60\/chip.png","x":160,"y":0},"2":{"60px":false,"path":"","x":0,"y":0},"item":{"path":"","visible":false,"x":0,"y":0},"obstacle":false,"pass":false},{"0":{"60px":false,"path":"Res\/Graph\/Mass\/h40\/chip.png","x":0,"y":0},"1":{"60px":true,"path":"Res\/Graph\/Mass\/h60\/chip.png","x":160,"y":0},"2":{"60px":false,"path":"","x":0,"y":0},"item":{"path":"","visible":false,"x":0,"y":0},"obstacle":false,"pass":false},{"0":{"60px":false,"path":"Res\/Graph\/Mass\/h40\/chip.png","x":0,"y":0},"1":{"60px":true,"path":"Res\/Graph\/Mass\/h60\/chip.png","x":160,"y":0},"2":{"60px":false,"path":"","x":0,"y":0},"item":{"path":"","visible":false,"x":0,"y":0},"obstacle":false,"pass":false},{"0":{"60px":false,"path":"Res\/Graph\/Mass\/h40\/chip.png","x":0,"y":0},"1":{"60px":true,"path":"Res\/Graph\/Mass\/h60\/chip.png","x":80,"y":0},"2":{"60px":false,"path":"","x":0,"y":0},"item":{"path":"","visible":false,"x":0,"y":0},"obstacle":false,"pass":false},{"0":{"60px":false,"path":"Res\/Graph\/Mass\/h40\/chip.png","x":0,"y":0},"1":{"60px":true,"path":"Res\/Graph\/Mass\/h60\/chip.png","x":160,"y":0},"2":{"60px":false,"path":"","x":0,"y":0},"item":{"path":"","visible":false,"x":0,"y":0},"obstacle":false,"pass":false},{"0":{"60px":false,"path":"Res\/Graph\/Mass\/h40\/chip.png","x":0,"y":0},"1":{"60px":true,"path":"Res\/Graph\/Mass\/h60\/chip.png","x":40,"y":0},"2":{"60px":false,"path":"","x":0,"y":0},"item":{"path":"","visible":false,"x":0,"y":0},"obstacle":false,"pass":false},{"0":{"60px":false,"path":"Res\/Graph\/Mass\/h40\/chip.png","x":0,"y":0},"1":{"60px":true,"path":"Res\/Graph\/Mass\/h60\/chip.png","x":120,"y":0},"2":{"60px":false,"path":"","x":0,"y":0},"item":{"path":"","visible":false,"x":0,"y":0},"obstacle":false,"pass":false},{"0":{"60px":false,"path":"Res\/Graph\/Mass\/h40\/chip.png","x":0,"y":0},"1":{"60px":true,"path":"Res\/Graph\/Mass\/h60\/chip.png","x":160,"y":0},"2":{"60px":false,"path":"","x":0,"y":0},"item":{"path":"","visible":false,"x":0,"y":0},"obstacle":false,"pass":false},{"0":{"60px":false,"path":"Res\/Graph\/Mass\/h40\/chip.png","x":0,"y":0},"1":{"60px":true,"path":"Res\/Graph\/Mass\/h60\/chip.png","x":160,"y":0},"2":{"60px":false,"path":"","x":0,"y":0},"item":{"path":"","visible":false,"x":0,"y":0},"obstacle":false,"pass":false},{"0":{"60px":false,"path":"Res\/Graph\/Mass\/h40\/chip.png","x":0,"y":0},"1":{"60px":true,"path":"Res\/Graph\/Mass\/h60\/chip.png","x":160,"y":60},"2":{"60px":false,"path":"","x":0,"y":0},"item":{"path":"","visible":false,"x":0,"y":0},"obstacle":false,"pass":false},{"0":{"60px":false,"path":"Res\/Graph\/Mass\/h40\/chip.png","x":0,"y":0},"1":{"60px":true,"path":"Res\/Graph\/Mass\/h60\/chip.png","x":160,"y":0},"2":{"60px":false,"path":"","x":0,"y":0},"item":{"path":"","visible":false,"x":0,"y":0},"obstacle":false,"pass":false},{"0":{"60px":false,"path":"Res\/Graph\/Mass\/h40\/chip.png","x":0,"y":0},"1":{"60px":true,"path":"Res\/Graph\/Mass\/h60\/chip.png","x":160,"y":0},"2":{"60px":false,"path":"","x":0,"y":0},"item":{"path":"","visible":false,"x":0,"y":0},"obstacle":false,"pass":false},{"0":{"60px":false,"path":"Res\/Graph\/Mass\/h40\/chip.png","x":0,"y":0},"1":{"60px":true,"path":"Res\/Graph\/Mass\/h60\/chip.png","x":160,"y":0},"2":{"60px":false,"path":"","x":0,"y":0},"item":{"path":"","visible":false,"x":0,"y":0},"obstacle":false,"pass":false},{"0":{"60px":false,"path":"Res\/Graph\/Mass\/h40\/chip.png","x":0,"y":0},"1":{"60px":true,"path":"Res\/Graph\/Mass\/h60\/chip.png","x":160,"y":0},"2":{"60px":false,"path":"","x":0,"y":0},"item":{"path":"","visible":false,"x":0,"y":0},"obstacle":false,"pass":false},{"0":{"60px":false,"path":"Res\/Graph\/Mass\/h40\/chip.png","x":0,"y":0},"1":{"60px":true,"path":"Res\/Graph\/Mass\/h60\/chip.png","x":200,"y":60},"2":{"60px":false,"path":"","x":0,"y":0},"item":{"path":"","visible":false,"x":0,"y":0},"obstacle":false,"pass":false}],[{"0":{"60px":false,"path":"Res\/Graph\/Mass\/h40\/chip.png","x":0,"y":0},"1":{"60px":false,"path":"","x":0,"y":0},"2":{"60px":false,"path":"","x":0,"y":0},"item":{"path":"","visible":false,"x":0,"y":0},"obstacle":false,"pass":true},{"0":{"60px":false,"path":"Res\/Graph\/Mass\/h40\/chip.png","x":40,"y":0},"1":{"60px":true,"path":"Res\/Graph\/Mass\/h60\/obstacle.png","x":0,"y":0},"2":{"60px":false,"path":"","x":0,"y":0},"item":{"path":"","visible":false,"x":0,"y":0},"obstacle":true,"pass":true},{"0":{"60px":false,"path":"Res\/Graph\/Mass\/h40\/chip.png","x":40,"y":0},"1":{"60px":false,"path":"","x":0,"y":0},"2":{"60px":false,"path":"","x":0,"y":0},"item":{"path":"","visible":false,"x":0,"y":0},"obstacle":false,"pass":true},{"0":{"60px":false,"path":"Res\/Graph\/Mass\/h40\/chip.png","x":40,"y":0},"1":{"60px":false,"path":"","x":0,"y":0},"2":{"60px":false,"path":"","x":0,"y":0},"item":{"path":"","visible":false,"x":0,"y":0},"obstacle":false,"pass":true},{"0":{"60px":false,"path":"Res\/Graph\/Mass\/h40\/chip.png","x":40,"y":0},"1":{"60px":false,"path":"","x":0,"y":0},"2":{"60px":false,"path":"","x":0,"y":0},"item":{"path":"","visible":false,"x":0,"y":0},"obstacle":false,"pass":true},{"0":{"60px":false,"path":"Res\/Graph\/Mass\/h40\/chip.png","x":40,"y":0},"1":{"60px":false,"path":"","x":0,"y":0},"2":{"60px":false,"path":"","x":0,"y":0},"item":{"path":"","visible":false,"x":0,"y":0},"obstacle":false,"pass":true},{"0":{"60px":false,"path":"Res\/Graph\/Mass\/h40\/chip.png","x":40,"y":0},"1":{"60px":false,"path":"","x":0,"y":0},"2":{"60px":false,"path":"","x":0,"y":0},"item":{"path":"","visible":false,"x":0,"y":0},"obstacle":false,"pass":true},{"0":{"60px":false,"path":"Res\/Graph\/Mass\/h40\/chip.png","x":40,"y":0},"1":{"60px":false,"path":"","x":0,"y":0},"2":{"60px":false,"path":"","x":0,"y":0},"item":{"path":"","visible":false,"x":0,"y":0},"obstacle":false,"pass":true},{"0":{"60px":false,"path":"Res\/Graph\/Mass\/h40\/chip.png","x":40,"y":0},"1":{"60px":false,"path":"","x":0,"y":0},"2":{"60px":false,"path":"","x":0,"y":0},"item":{"path":"","visible":false,"x":0,"y":0},"obstacle":false,"pass":true},{"0":{"60px":false,"path":"Res\/Graph\/Mass\/h40\/chip.png","x":40,"y":0},"1":{"60px":false,"path":"","x":0,"y":0},"2":{"60px":false,"path":"","x":0,"y":0},"item":{"path":"","visible":false,"x":0,"y":0},"obstacle":false,"pass":true},{"0":{"60px":false,"path":"Res\/Graph\/Mass\/h40\/chip.png","x":40,"y":0},"1":{"60px":false,"path":"","x":0,"y":0},"2":{"60px":false,"path":"","x":0,"y":0},"item":{"path":"","visible":false,"x":0,"y":0},"obstacle":false,"pass":true},{"0":{"60px":false,"path":"Res\/Graph\/Mass\/h40\/chip.png","x":40,"y":0},"1":{"60px":false,"path":"","x":0,"y":0},"2":{"60px":false,"path":"","x":0,"y":0},"item":{"path":"","visible":false,"x":0,"y":0},"obstacle":false,"pass":true},{"0":{"60px":false,"path":"Res\/Graph\/Mass\/h40\/chip.png","x":40,"y":0},"1":{"60px":false,"path":"","x":0,"y":0},"2":{"60px":false,"path":"","x":0,"y":0},"item":{"path":"","visible":false,"x":0,"y":0},"obstacle":false,"pass":true},{"0":{"60px":false,"path":"Res\/Graph\/Mass\/h40\/chip.png","x":40,"y":0},"1":{"60px":false,"path":"","x":0,"y":0},"2":{"60px":false,"path":"","x":0,"y":0},"item":{"path":"","visible":false,"x":0,"y":0},"obstacle":false,"pass":true},{"0":{"60px":false,"path":"Res\/Graph\/Mass\/h40\/chip.png","x":40,"y":0},"1":{"60px":false,"path":"","x":0,"y":0},"2":{"60px":false,"path":"","x":0,"y":0},"item":{"path":"","visible":false,"x":0,"y":0},"obstacle":false,"pass":true},{"0":{"60px":false,"path":"Res\/Graph\/Mass\/h40\/chip.png","x":40,"y":0},"1":{"60px":false,"path":"","x":0,"y":0},"2":{"60px":false,"path":"","x":0,"y":0},"item":{"path":"","visible":false,"x":0,"y":0},"obstacle":false,"pass":true},{"0":{"60px":false,"path":"Res\/Graph\/Mass\/h40\/chip.png","x":40,"y":0},"1":{"60px":false,"path":"","x":0,"y":0},"2":{"60px":false,"path":"","x":0,"y":0},"item":{"path":"","visible":false,"x":0,"y":0},"obstacle":false,"pass":true},{"0":{"60px":false,"path":"Res\/Graph\/Mass\/h40\/chip.png","x":40,"y":0},"1":{"60px":false,"path":"","x":0,"y":0},"2":{"60px":false,"path":"","x":0,"y":0},"item":{"path":"","visible":false,"x":0,"y":0},"obstacle":false,"pass":true},{"0":{"60px":false,"path":"Res\/Graph\/Mass\/h40\/chip.png","x":40,"y":0},"1":{"60px":false,"path":"","x":0,"y":0},"2":{"60px":false,"path":"","x":0,"y":0},"item":{"path":"","visible":false,"x":0,"y":0},"obstacle":false,"pass":true},{"0":{"60px":false,"path":"Res\/Graph\/Mass\/h40\/chip.png","x":40,"y":0},"1":{"60px":false,"path":"","x":0,"y":0},"2":{"60px":false,"path":"","x":0,"y":0},"item":{"path":"","visible":false,"x":0,"y":0},"obstacle":false,"pass":true},{"0":{"60px":false,"path":"Res\/Graph\/Mass\/h40\/chip.png","x":40,"y":0},"1":{"60px":false,"path":"","x":0,"y":0},"2":{"60px":false,"path":"","x":0,"y":0},"item":{"path":"","visible":false,"x":0,"y":0},"obstacle":false,"pass":true},{"0":{"60px":false,"path":"Res\/Graph\/Mass\/h40\/chip.png","x":40,"y":0},"1":{"60px":false,"path":"","x":0,"y":0},"2":{"60px":false,"path":"","x":0,"y":0},"item":{"path":"","visible":false,"x":0,"y":0},"obstacle":false,"pass":true},{"0":{"60px":false,"path":"Res\/Graph\/Mass\/h40\/chip.png","x":120,"y":0},"1":{"60px":false,"path":"","x":0,"y":0},"2":{"60px":false,"path":"","x":0,"y":0},"item":{"path":"","visible":false,"x":0,"y":0},"obstacle":false,"pass":true}],[{"0":{"60px":false,"path":"Res\/Graph\/Mass\/h40\/chip.png","x":0,"y":0},"1":{"60px":false,"path":"","x":0,"y":0},"2":{"60px":true,"path":"Res\/Graph\/Mass\/h60\/obstacle.png","x":0,"y":0},"item":{"path":"","visible":false,"x":0,"y":0},"obstacle":true,"pass":true},{"0":{"60px":false,"path":"Res\/Graph\/Mass\/h40\/chip.png","x":40,"y":0},"1":{"60px":false,"path":"","x":0,"y":0},"2":{"60px":false,"path":"","x":0,"y":0},"item":{"path":"","visible":false,"x":0,"y":0},"obstacle":false,"pass":true},{"0":{"60px":false,"path":"Res\/Graph\/Mass\/h40\/chip.png","x":40,"y":0},"1":{"60px":false,"path":"","x":0,"y":0},"2":{"60px":false,"path":"","x":0,"y":0},"item":{"path":"","visible":false,"x":0,"y":0},"obstacle":false,"pass":true},{"0":{"60px":false,"path":"Res\/Graph\/Mass\/h40\/chip.png","x":40,"y":0},"1":{"60px":false,"path":"","x":0,"y":0},"2":{"60px":false,"path":"","x":0,"y":0},"item":{"path":"","visible":false,"x":0,"y":0},"obstacle":false,"pass":true},{"0":{"60px":false,"path":"Res\/Graph\/Mass\/h40\/chip.png","x":40,"y":0},"1":{"60px":false,"path":"","x":0,"y":0},"2":{"60px":false,"path":"","x":0,"y":0},"item":{"path":"","visible":false,"x":0,"y":0},"obstacle":false,"pass":true},{"0":{"60px":false,"path":"Res\/Graph\/Mass\/h40\/chip.png","x":40,"y":0},"1":{"60px":false,"path":"","x":0,"y":0},"2":{"60px":false,"path":"","x":0,"y":0},"item":{"path":"","visible":false,"x":0,"y":0},"obstacle":false,"pass":true},{"0":{"60px":false,"path":"Res\/Graph\/Mass\/h40\/chip.png","x":40,"y":0},"1":{"60px":false,"path":"","x":0,"y":0},"2":{"60px":false,"path":"","x":0,"y":0},"item":{"path":"","visible":false,"x":0,"y":0},"obstacle":false,"pass":true},{"0":{"60px":false,"path":"Res\/Graph\/Mass\/h40\/chip.png","x":40,"y":0},"1":{"60px":false,"path":"Res\/Graph\/Mass\/h40\/obstacle.png","x":0,"y":0},"2":{"60px":false,"path":"","x":0,"y":0},"item":{"path":"","visible":false,"x":0,"y":0},"obstacle":true,"pass":true},{"0":{"60px":false,"path":"Res\/Graph\/Mass\/h40\/chip.png","x":40,"y":0},"1":{"60px":false,"path":"","x":0,"y":0},"2":{"60px":false,"path":"","x":0,"y":0},"item":{"path":"","visible":false,"x":0,"y":0},"obstacle":false,"pass":true},{"0":{"60px":false,"path":"Res\/Graph\/Mass\/h40\/chip.png","x":40,"y":0},"1":{"60px":false,"path":"","x":0,"y":0},"2":{"60px":false,"path":"","x":0,"y":0},"item":{"path":"","visible":false,"x":0,"y":0},"obstacle":false,"pass":true},{"0":{"60px":false,"path":"Res\/Graph\/Mass\/h40\/chip.png","x":40,"y":0},"1":{"60px":false,"path":"","x":0,"y":0},"2":{"60px":false,"path":"","x":0,"y":0},"item":{"path":"","visible":false,"x":0,"y":0},"obstacle":false,"pass":true},{"0":{"60px":false,"path":"Res\/Graph\/Mass\/h40\/chip.png","x":40,"y":0},"1":{"60px":false,"path":"","x":0,"y":0},"2":{"60px":false,"path":"","x":0,"y":0},"item":{"path":"","visible":false,"x":0,"y":0},"obstacle":false,"pass":true},{"0":{"60px":false,"path":"Res\/Graph\/Mass\/h40\/chip.png","x":40,"y":0},"1":{"60px":false,"path":"Res\/Graph\/Mass\/h40\/chip.png","x":80,"y":0},"2":{"60px":false,"path":"","x":0,"y":0},"item":{"path":"","visible":false,"x":0,"y":0},"obstacle":false,"pass":true},{"0":{"60px":false,"path":"Res\/Graph\/Mass\/h40\/chip.png","x":40,"y":0},"1":{"60px":false,"path":"","x":0,"y":0},"2":{"60px":false,"path":"","x":0,"y":0},"item":{"path":"","visible":false,"x":0,"y":0},"obstacle":false,"pass":true},{"0":{"60px":false,"path":"Res\/Graph\/Mass\/h40\/chip.png","x":40,"y":0},"1":{"60px":false,"path":"","x":0,"y":0},"2":{"60px":false,"path":"","x":0,"y":0},"item":{"path":"","visible":false,"x":0,"y":0},"obstacle":false,"pass":true},{"0":{"60px":false,"path":"Res\/Graph\/Mass\/h40\/chip.png","x":40,"y":0},"1":{"60px":false,"path":"","x":0,"y":0},"2":{"60px":false,"path":"","x":0,"y":0},"item":{"path":"","visible":false,"x":0,"y":0},"obstacle":false,"pass":true},{"0":{"60px":false,"path":"Res\/Graph\/Mass\/h40\/chip.png","x":40,"y":0},"1":{"60px":false,"path":"","x":0,"y":0},"2":{"60px":false,"path":"","x":0,"y":0},"item":{"path":"","visible":false,"x":0,"y":0},"obstacle":false,"pass":true},{"0":{"60px":false,"path":"Res\/Graph\/Mass\/h40\/chip.png","x":40,"y":0},"1":{"60px":false,"path":"Res\/Graph\/Mass\/h40\/obstacle.png","x":0,"y":0},"2":{"60px":false,"path":"","x":0,"y":0},"item":{"path":"","visible":false,"x":0,"y":0},"obstacle":true,"pass":true},{"0":{"60px":false,"path":"Res\/Graph\/Mass\/h40\/chip.png","x":40,"y":0},"1":{"60px":false,"path":"","x":0,"y":0},"2":{"60px":false,"path":"","x":0,"y":0},"item":{"path":"","visible":false,"x":0,"y":0},"obstacle":false,"pass":true},{"0":{"60px":false,"path":"Res\/Graph\/Mass\/h40\/chip.png","x":40,"y":0},"1":{"60px":false,"path":"","x":0,"y":0},"2":{"60px":false,"path":"","x":0,"y":0},"item":{"path":"","visible":false,"x":0,"y":0},"obstacle":false,"pass":true},{"0":{"60px":false,"path":"Res\/Graph\/Mass\/h40\/chip.png","x":40,"y":0},"1":{"60px":false,"path":"","x":0,"y":0},"2":{"60px":false,"path":"","x":0,"y":0},"item":{"path":"","visible":false,"x":0,"y":0},"obstacle":false,"pass":true},{"0":{"60px":false,"path":"Res\/Graph\/Mass\/h40\/chip.png","x":40,"y":0},"1":{"60px":false,"path":"","x":0,"y":0},"2":{"60px":false,"path":"","x":0,"y":0},"item":{"path":"","visible":false,"x":0,"y":0},"obstacle":false,"pass":true},{"0":{"60px":false,"path":"Res\/Graph\/Mass\/h40\/chip.png","x":120,"y":0},"1":{"60px":false,"path":"","x":0,"y":0},"2":{"60px":false,"path":"","x":0,"y":0},"item":{"path":"","visible":false,"x":0,"y":0},"obstacle":false,"pass":true}],[{"0":{"60px":false,"path":"Res\/Graph\/Mass\/h40\/chip.png","x":0,"y":0},"1":{"60px":false,"path":"","x":0,"y":0},"2":{"60px":false,"path":"","x":0,"y":0},"item":{"path":"","visible":false,"x":0,"y":0},"obstacle":false,"pass":true},{"0":{"60px":false,"path":"Res\/Graph\/Mass\/h40\/chip.png","x":40,"y":0},"1":{"60px":false,"path":"","x":0,"y":0},"2":{"60px":false,"path":"","x":0,"y":0},"item":{"path":"","visible":false,"x":0,"y":0},"obstacle":false,"pass":true},{"0":{"60px":false,"path":"Res\/Graph\/Mass\/h40\/chip.png","x":40,"y":0},"1":{"60px":false,"path":"","x":0,"y":0},"2":{"60px":false,"path":"","x":0,"y":0},"item":{"path":"","visible":false,"x":0,"y":0},"obstacle":false,"pass":true},{"0":{"60px":false,"path":"Res\/Graph\/Mass\/h40\/chip.png","x":40,"y":0},"1":{"60px":false,"path":"","x":0,"y":0},"2":{"60px":false,"path":"","x":0,"y":0},"item":{"path":"","visible":false,"x":0,"y":0},"obstacle":false,"pass":true},{"0":{"60px":false,"path":"Res\/Graph\/Mass\/h40\/chip.png","x":40,"y":0},"1":{"60px":false,"path":"","x":0,"y":0},"2":{"60px":false,"path":"","x":0,"y":0},"item":{"path":"","visible":false,"x":0,"y":0},"obstacle":false,"pass":true},{"0":{"60px":false,"path":"Res\/Graph\/Mass\/h40\/chip.png","x":40,"y":0},"1":{"60px":true,"path":"Res\/Graph\/Mass\/h60\/obstacle.png","x":0,"y":0},"2":{"60px":false,"path":"","x":0,"y":0},"item":{"path":"","visible":false,"x":0,"y":0},"obstacle":true,"pass":true},{"0":{"60px":false,"path":"Res\/Graph\/Mass\/h40\/chip.png","x":40,"y":0},"1":{"60px":false,"path":"Res\/Graph\/Mass\/h40\/obstacle.png","x":40,"y":0},"2":{"60px":false,"path":"","x":0,"y":0},"item":{"path":"","visible":false,"x":0,"y":0},"obstacle":true,"pass":true},{"0":{"60px":false,"path":"Res\/Graph\/Mass\/h40\/chip.png","x":40,"y":0},"1":{"60px":false,"path":"Res\/Graph\/Mass\/h40\/obstacle.png","x":40,"y":0},"2":{"60px":false,"path":"","x":0,"y":0},"item":{"path":"","visible":false,"x":0,"y":0},"obstacle":true,"pass":true},{"0":{"60px":false,"path":"Res\/Graph\/Mass\/h40\/chip.png","x":40,"y":0},"1":{"60px":false,"path":"","x":0,"y":0},"2":{"60px":false,"path":"","x":0,"y":0},"item":{"path":"","visible":false,"x":0,"y":0},"obstacle":false,"pass":true},{"0":{"60px":false,"path":"Res\/Graph\/Mass\/h40\/chip.png","x":40,"y":0},"1":{"60px":false,"path":"","x":0,"y":0},"2":{"60px":false,"path":"","x":0,"y":0},"item":{"path":"","visible":false,"x":0,"y":0},"obstacle":false,"pass":true},{"0":{"60px":false,"path":"Res\/Graph\/Mass\/h40\/chip.png","x":40,"y":0},"1":{"60px":true,"path":"Res\/Graph\/Mass\/h60\/obstacle.png","x":0,"y":0},"2":{"60px":false,"path":"","x":0,"y":0},"item":{"path":"","visible":false,"x":0,"y":0},"obstacle":true,"pass":true},{"0":{"60px":false,"path":"Res\/Graph\/Mass\/h40\/chip.png","x":40,"y":0},"1":{"60px":false,"path":"Res\/Graph\/Mass\/h40\/obstacle.png","x":40,"y":0},"2":{"60px":false,"path":"","x":0,"y":0},"item":{"path":"","visible":false,"x":0,"y":0},"obstacle":true,"pass":true},{"0":{"60px":false,"path":"Res\/Graph\/Mass\/h40\/chip.png","x":40,"y":0},"1":{"60px":false,"path":"Res\/Graph\/Mass\/h40\/obstacle.png","x":40,"y":0},"2":{"60px":false,"path":"","x":0,"y":0},"item":{"path":"","visible":false,"x":0,"y":0},"obstacle":true,"pass":true},{"0":{"60px":false,"path":"Res\/Graph\/Mass\/h40\/chip.png","x":40,"y":0},"1":{"60px":false,"path":"","x":0,"y":0},"2":{"60px":false,"path":"","x":0,"y":0},"item":{"path":"","visible":false,"x":0,"y":0},"obstacle":false,"pass":true},{"0":{"60px":false,"path":"Res\/Graph\/Mass\/h40\/chip.png","x":40,"y":0},"1":{"60px":false,"path":"","x":0,"y":0},"2":{"60px":false,"path":"","x":0,"y":0},"item":{"path":"","visible":false,"x":0,"y":0},"obstacle":false,"pass":true},{"0":{"60px":false,"path":"Res\/Graph\/Mass\/h40\/chip.png","x":40,"y":0},"1":{"60px":true,"path":"Res\/Graph\/Mass\/h60\/obstacle.png","x":0,"y":0},"2":{"60px":false,"path":"","x":0,"y":0},"item":{"path":"","visible":false,"x":0,"y":0},"obstacle":true,"pass":true},{"0":{"60px":false,"path":"Res\/Graph\/Mass\/h40\/chip.png","x":40,"y":0},"1":{"60px":false,"path":"Res\/Graph\/Mass\/h40\/obstacle.png","x":40,"y":0},"2":{"60px":false,"path":"","x":0,"y":0},"item":{"path":"","visible":false,"x":0,"y":0},"obstacle":true,"pass":true},{"0":{"60px":false,"path":"Res\/Graph\/Mass\/h40\/chip.png","x":40,"y":0},"1":{"60px":false,"path":"Res\/Graph\/Mass\/h40\/obstacle.png","x":40,"y":0},"2":{"60px":false,"path":"","x":0,"y":0},"item":{"path":"","visible":false,"x":0,"y":0},"obstacle":true,"pass":true},{"0":{"60px":false,"path":"Res\/Graph\/Mass\/h40\/chip.png","x":40,"y":0},"1":{"60px":false,"path":"","x":0,"y":0},"2":{"60px":false,"path":"","x":0,"y":0},"item":{"path":"","visible":false,"x":0,"y":0},"obstacle":false,"pass":true},{"0":{"60px":false,"path":"Res\/Graph\/Mass\/h40\/chip.png","x":40,"y":0},"1":{"60px":false,"path":"","x":0,"y":0},"2":{"60px":false,"path":"","x":0,"y":0},"item":{"path":"","visible":false,"x":0,"y":0},"obstacle":false,"pass":true},{"0":{"60px":false,"path":"Res\/Graph\/Mass\/h40\/chip.png","x":40,"y":0},"1":{"60px":false,"path":"","x":0,"y":0},"2":{"60px":false,"path":"","x":0,"y":0},"item":{"path":"","visible":false,"x":0,"y":0},"obstacle":false,"pass":true},{"0":{"60px":false,"path":"Res\/Graph\/Mass\/h40\/chip.png","x":40,"y":0},"1":{"60px":false,"path":"","x":0,"y":0},"2":{"60px":false,"path":"","x":0,"y":0},"item":{"path":"","visible":false,"x":0,"y":0},"obstacle":false,"pass":true},{"0":{"60px":false,"path":"Res\/Graph\/Mass\/h40\/chip.png","x":120,"y":0},"1":{"60px":false,"path":"","x":0,"y":0},"2":{"60px":false,"path":"","x":0,"y":0},"item":{"path":"","visible":false,"x":0,"y":0},"obstacle":false,"pass":true}],[{"0":{"60px":false,"path":"Res\/Graph\/Mass\/h40\/chip.png","x":0,"y":0},"1":{"60px":false,"path":"","x":0,"y":0},"2":{"60px":false,"path":"","x":0,"y":0},"item":{"path":"","visible":false,"x":0,"y":0},"obstacle":false,"pass":true},{"0":{"60px":false,"path":"Res\/Graph\/Mass\/h40\/chip.png","x":40,"y":0},"1":{"60px":false,"path":"","x":0,"y":0},"2":{"60px":false,"path":"","x":0,"y":0},"item":{"path":"","visible":false,"x":0,"y":0},"obstacle":false,"pass":true},{"0":{"60px":false,"path":"Res\/Graph\/Mass\/h40\/chip.png","x":40,"y":0},"1":{"60px":false,"path":"","x":0,"y":0},"2":{"60px":false,"path":"","x":0,"y":0},"item":{"path":"","visible":false,"x":0,"y":0},"obstacle":false,"pass":true},{"0":{"60px":false,"path":"Res\/Graph\/Mass\/h40\/chip.png","x":40,"y":0},"1":{"60px":false,"path":"","x":0,"y":0},"2":{"60px":false,"path":"","x":0,"y":0},"item":{"path":"","visible":false,"x":0,"y":0},"obstacle":false,"pass":true},{"0":{"60px":false,"path":"Res\/Graph\/Mass\/h40\/chip.png","x":40,"y":0},"1":{"60px":false,"path":"","x":0,"y":0},"2":{"60px":false,"path":"","x":0,"y":0},"item":{"path":"","visible":false,"x":0,"y":0},"obstacle":false,"pass":true},{"0":{"60px":false,"path":"Res\/Graph\/Mass\/h40\/chip.png","x":40,"y":0},"1":{"60px":false,"path":"","x":0,"y":0},"2":{"60px":false,"path":"","x":0,"y":0},"item":{"path":"","visible":false,"x":0,"y":0},"obstacle":false,"pass":true},{"0":{"60px":false,"path":"Res\/Graph\/Mass\/h40\/chip.png","x":40,"y":0},"1":{"60px":false,"path":"Res\/Graph\/Mass\/h40\/chip.png","x":80,"y":0},"2":{"60px":false,"path":"","x":0,"y":0},"item":{"path":"","visible":false,"x":0,"y":0},"obstacle":false,"pass":true},{"0":{"60px":false,"path":"Res\/Graph\/Mass\/h40\/chip.png","x":40,"y":0},"1":{"60px":false,"path":"","x":0,"y":0},"2":{"60px":false,"path":"","x":0,"y":0},"item":{"path":"","visible":false,"x":0,"y":0},"obstacle":false,"pass":true},{"0":{"60px":false,"path":"Res\/Graph\/Mass\/h40\/chip.png","x":40,"y":0},"1":{"60px":false,"path":"","x":0,"y":0},"2":{"60px":false,"path":"","x":0,"y":0},"item":{"path":"","visible":false,"x":0,"y":0},"obstacle":false,"pass":true},{"0":{"60px":false,"path":"Res\/Graph\/Mass\/h40\/chip.png","x":40,"y":0},"1":{"60px":false,"path":"","x":0,"y":0},"2":{"60px":false,"path":"","x":0,"y":0},"item":{"path":"","visible":false,"x":0,"y":0},"obstacle":false,"pass":true},{"0":{"60px":false,"path":"Res\/Graph\/Mass\/h40\/chip.png","x":40,"y":0},"1":{"60px":false,"path":"","x":0,"y":0},"2":{"60px":false,"path":"","x":0,"y":0},"item":{"path":"","visible":false,"x":0,"y":0},"obstacle":false,"pass":true},{"0":{"60px":false,"path":"Res\/Graph\/Mass\/h40\/chip.png","x":40,"y":0},"1":{"60px":false,"path":"","x":0,"y":0},"2":{"60px":false,"path":"","x":0,"y":0},"item":{"path":"","visible":false,"x":0,"y":0},"obstacle":false,"pass":true},{"0":{"60px":false,"path":"Res\/Graph\/Mass\/h40\/chip.png","x":40,"y":0},"1":{"60px":false,"path":"","x":0,"y":0},"2":{"60px":false,"path":"","x":0,"y":0},"item":{"path":"","visible":false,"x":0,"y":0},"obstacle":false,"pass":true},{"0":{"60px":false,"path":"Res\/Graph\/Mass\/h40\/chip.png","x":40,"y":0},"1":{"60px":false,"path":"","x":0,"y":0},"2":{"60px":false,"path":"","x":0,"y":0},"item":{"path":"","visible":false,"x":0,"y":0},"obstacle":false,"pass":true},{"0":{"60px":false,"path":"Res\/Graph\/Mass\/h40\/chip.png","x":40,"y":0},"1":{"60px":false,"path":"","x":0,"y":0},"2":{"60px":false,"path":"","x":0,"y":0},"item":{"path":"","visible":false,"x":0,"y":0},"obstacle":false,"pass":true},{"0":{"60px":false,"path":"Res\/Graph\/Mass\/h40\/chip.png","x":40,"y":0},"1":{"60px":false,"path":"","x":0,"y":0},"2":{"60px":false,"path":"","x":0,"y":0},"item":{"path":"","visible":false,"x":0,"y":0},"obstacle":false,"pass":true},{"0":{"60px":false,"path":"Res\/Graph\/Mass\/h40\/chip.png","x":40,"y":0},"1":{"60px":false,"path":"","x":0,"y":0},"2":{"60px":false,"path":"","x":0,"y":0},"item":{"path":"","visible":false,"x":0,"y":0},"obstacle":false,"pass":true},{"0":{"60px":false,"path":"Res\/Graph\/Mass\/h40\/chip.png","x":40,"y":0},"1":{"60px":false,"path":"Res\/Graph\/Mass\/h40\/chip.png","x":80,"y":0},"2":{"60px":false,"path":"","x":0,"y":0},"item":{"path":"","visible":false,"x":0,"y":0},"obstacle":false,"pass":true},{"0":{"60px":false,"path":"Res\/Graph\/Mass\/h40\/chip.png","x":40,"y":0},"1":{"60px":false,"path":"","x":0,"y":0},"2":{"60px":false,"path":"","x":0,"y":0},"item":{"path":"","visible":false,"x":0,"y":0},"obstacle":false,"pass":true},{"0":{"60px":false,"path":"Res\/Graph\/Mass\/h40\/chip.png","x":40,"y":0},"1":{"60px":false,"path":"","x":0,"y":0},"2":{"60px":false,"path":"","x":0,"y":0},"item":{"path":"","visible":false,"x":0,"y":0},"obstacle":false,"pass":true},{"0":{"60px":false,"path":"Res\/Graph\/Mass\/h40\/chip.png","x":40,"y":0},"1":{"60px":false,"path":"","x":0,"y":0},"2":{"60px":false,"path":"","x":0,"y":0},"item":{"path":"","visible":false,"x":0,"y":0},"obstacle":false,"pass":true},{"0":{"60px":false,"path":"Res\/Graph\/Mass\/h40\/chip.png","x":40,"y":0},"1":{"60px":false,"path":"","x":0,"y":0},"2":{"60px":false,"path":"","x":0,"y":0},"item":{"path":"","visible":false,"x":0,"y":0},"obstacle":false,"pass":true},{"0":{"60px":false,"path":"Res\/Graph\/Mass\/h40\/chip.png","x":120,"y":0},"1":{"60px":false,"path":"","x":0,"y":0},"2":{"60px":false,"path":"","x":0,"y":0},"item":{"path":"","visible":false,"x":0,"y":0},"obstacle":false,"pass":true}],[{"0":{"60px":false,"path":"Res\/Graph\/Mass\/h40\/chip.png","x":0,"y":0},"1":{"60px":false,"path":"","x":0,"y":0},"2":{"60px":false,"path":"","x":0,"y":0},"item":{"path":"","visible":false,"x":0,"y":0},"obstacle":false,"pass":true},{"0":{"60px":false,"path":"Res\/Graph\/Mass\/h40\/chip.png","x":40,"y":0},"1":{"60px":false,"path":"","x":0,"y":0},"2":{"60px":false,"path":"","x":0,"y":0},"item":{"path":"","visible":false,"x":0,"y":0},"obstacle":false,"pass":true},{"0":{"60px":false,"path":"Res\/Graph\/Mass\/h40\/chip.png","x":40,"y":0},"1":{"60px":false,"path":"","x":0,"y":0},"2":{"60px":false,"path":"","x":0,"y":0},"item":{"path":"","visible":false,"x":0,"y":0},"obstacle":false,"pass":true},{"0":{"60px":false,"path":"Res\/Graph\/Mass\/h40\/chip.png","x":40,"y":0},"1":{"60px":false,"path":"","x":0,"y":0},"2":{"60px":false,"path":"","x":0,"y":0},"item":{"path":"","visible":false,"x":0,"y":0},"obstacle":false,"pass":true},{"0":{"60px":false,"path":"Res\/Graph\/Mass\/h40\/chip.png","x":40,"y":0},"1":{"60px":false,"path":"","x":0,"y":0},"2":{"60px":false,"path":"","x":0,"y":0},"item":{"path":"","visible":false,"x":0,"y":0},"obstacle":false,"pass":true},{"0":{"60px":false,"path":"Res\/Graph\/Mass\/h40\/chip.png","x":40,"y":0},"1":{"60px":false,"path":"","x":0,"y":0},"2":{"60px":false,"path":"","x":0,"y":0},"item":{"path":"","visible":false,"x":0,"y":0},"obstacle":false,"pass":true},{"0":{"60px":false,"path":"Res\/Graph\/Mass\/h40\/chip.png","x":40,"y":0},"1":{"60px":false,"path":"","x":0,"y":0},"2":{"60px":false,"path":"","x":0,"y":0},"item":{"path":"","visible":false,"x":0,"y":0},"obstacle":false,"pass":true},{"0":{"60px":false,"path":"Res\/Graph\/Mass\/h40\/chip.png","x":40,"y":0},"1":{"60px":false,"path":"","x":0,"y":0},"2":{"60px":false,"path":"","x":0,"y":0},"item":{"path":"","visible":false,"x":0,"y":0},"obstacle":false,"pass":true},{"0":{"60px":false,"path":"Res\/Graph\/Mass\/h40\/chip.png","x":40,"y":0},"1":{"60px":false,"path":"","x":0,"y":0},"2":{"60px":false,"path":"","x":0,"y":0},"item":{"path":"","visible":false,"x":0,"y":0},"obstacle":false,"pass":true},{"0":{"60px":false,"path":"Res\/Graph\/Mass\/h40\/chip.png","x":40,"y":0},"1":{"60px":false,"path":"","x":0,"y":0},"2":{"60px":false,"path":"","x":0,"y":0},"item":{"path":"","visible":false,"x":0,"y":0},"obstacle":false,"pass":true},{"0":{"60px":false,"path":"Res\/Graph\/Mass\/h40\/chip.png","x":40,"y":0},"1":{"60px":false,"path":"","x":0,"y":0},"2":{"60px":false,"path":"","x":0,"y":0},"item":{"path":"","visible":false,"x":0,"y":0},"obstacle":false,"pass":true},{"0":{"60px":false,"path":"Res\/Graph\/Mass\/h40\/chip.png","x":40,"y":0},"1":{"60px":false,"path":"","x":0,"y":0},"2":{"60px":false,"path":"","x":0,"y":0},"item":{"path":"","visible":false,"x":0,"y":0},"obstacle":false,"pass":true},{"0":{"60px":false,"path":"Res\/Graph\/Mass\/h40\/chip.png","x":40,"y":0},"1":{"60px":false,"path":"","x":0,"y":0},"2":{"60px":false,"path":"","x":0,"y":0},"item":{"path":"","visible":false,"x":0,"y":0},"obstacle":false,"pass":true},{"0":{"60px":false,"path":"Res\/Graph\/Mass\/h40\/chip.png","x":40,"y":0},"1":{"60px":false,"path":"","x":0,"y":0},"2":{"60px":false,"path":"","x":0,"y":0},"item":{"path":"","visible":false,"x":0,"y":0},"obstacle":false,"pass":true},{"0":{"60px":false,"path":"Res\/Graph\/Mass\/h40\/chip.png","x":40,"y":0},"1":{"60px":false,"path":"","x":0,"y":0},"2":{"60px":false,"path":"","x":0,"y":0},"item":{"path":"","visible":false,"x":0,"y":0},"obstacle":false,"pass":true},{"0":{"60px":false,"path":"Res\/Graph\/Mass\/h40\/chip.png","x":40,"y":0},"1":{"60px":false,"path":"","x":0,"y":0},"2":{"60px":false,"path":"","x":0,"y":0},"item":{"path":"","visible":false,"x":0,"y":0},"obstacle":false,"pass":true},{"0":{"60px":false,"path":"Res\/Graph\/Mass\/h40\/chip.png","x":40,"y":0},"1":{"60px":false,"path":"","x":0,"y":0},"2":{"60px":false,"path":"","x":0,"y":0},"item":{"path":"","visible":false,"x":0,"y":0},"obstacle":false,"pass":true},{"0":{"60px":false,"path":"Res\/Graph\/Mass\/h40\/chip.png","x":40,"y":0},"1":{"60px":false,"path":"","x":0,"y":0},"2":{"60px":false,"path":"","x":0,"y":0},"item":{"path":"","visible":false,"x":0,"y":0},"obstacle":false,"pass":true},{"0":{"60px":false,"path":"Res\/Graph\/Mass\/h40\/chip.png","x":40,"y":0},"1":{"60px":false,"path":"","x":0,"y":0},"2":{"60px":false,"path":"","x":0,"y":0},"item":{"path":"","visible":false,"x":0,"y":0},"obstacle":false,"pass":true},{"0":{"60px":false,"path":"Res\/Graph\/Mass\/h40\/chip.png","x":40,"y":0},"1":{"60px":false,"path":"","x":0,"y":0},"2":{"60px":false,"path":"","x":0,"y":0},"item":{"path":"","visible":false,"x":0,"y":0},"obstacle":false,"pass":true},{"0":{"60px":false,"path":"Res\/Graph\/Mass\/h40\/chip.png","x":40,"y":0},"1":{"60px":false,"path":"","x":0,"y":0},"2":{"60px":false,"path":"","x":0,"y":0},"item":{"path":"","visible":false,"x":0,"y":0},"obstacle":false,"pass":true},{"0":{"60px":false,"path":"Res\/Graph\/Mass\/h40\/chip.png","x":40,"y":0},"1":{"60px":false,"path":"","x":0,"y":0},"2":{"60px":false,"path":"","x":0,"y":0},"item":{"path":"","visible":false,"x":0,"y":0},"obstacle":false,"pass":true},{"0":{"60px":false,"path":"Res\/Graph\/Mass\/h40\/chip.png","x":120,"y":0},"1":{"60px":false,"path":"","x":0,"y":0},"2":{"60px":false,"path":"","x":0,"y":0},"item":{"path":"","visible":false,"x":0,"y":0},"obstacle":false,"pass":true}],[{"0":{"60px":false,"path":"Res\/Graph\/Mass\/h40\/chip.png","x":0,"y":0},"1":{"60px":false,"path":"","x":0,"y":0},"2":{"60px":false,"path":"","x":0,"y":0},"item":{"path":"","visible":false,"x":0,"y":0},"obstacle":false,"pass":true},{"0":{"60px":false,"path":"Res\/Graph\/Mass\/h40\/chip.png","x":40,"y":0},"1":{"60px":false,"path":"","x":0,"y":0},"2":{"60px":false,"path":"","x":0,"y":0},"item":{"path":"","visible":false,"x":0,"y":0},"obstacle":false,"pass":true},{"0":{"60px":false,"path":"Res\/Graph\/Mass\/h40\/chip.png","x":40,"y":0},"1":{"60px":false,"path":"","x":0,"y":0},"2":{"60px":false,"path":"","x":0,"y":0},"item":{"path":"","visible":false,"x":0,"y":0},"obstacle":false,"pass":true},{"0":{"60px":false,"path":"Res\/Graph\/Mass\/h40\/chip.png","x":40,"y":0},"1":{"60px":false,"path":"","x":0,"y":0},"2":{"60px":false,"path":"","x":0,"y":0},"item":{"path":"","visible":false,"x":0,"y":0},"obstacle":false,"pass":true},{"0":{"60px":false,"path":"Res\/Graph\/Mass\/h40\/chip.png","x":40,"y":0},"1":{"60px":false,"path":"","x":0,"y":0},"2":{"60px":false,"path":"","x":0,"y":0},"item":{"path":"","visible":false,"x":0,"y":0},"obstacle":false,"pass":true},{"0":{"60px":false,"path":"Res\/Graph\/Mass\/h40\/chip.png","x":40,"y":0},"1":{"60px":false,"path":"","x":0,"y":0},"2":{"60px":false,"path":"","x":0,"y":0},"item":{"path":"","visible":false,"x":0,"y":0},"obstacle":false,"pass":true},{"0":{"60px":false,"path":"Res\/Graph\/Mass\/h40\/chip.png","x":40,"y":0},"1":{"60px":false,"path":"","x":0,"y":0},"2":{"60px":false,"path":"","x":0,"y":0},"item":{"path":"","visible":false,"x":0,"y":0},"obstacle":false,"pass":true},{"0":{"60px":false,"path":"Res\/Graph\/Mass\/h40\/chip.png","x":40,"y":0},"1":{"60px":false,"path":"","x":0,"y":0},"2":{"60px":false,"path":"","x":0,"y":0},"item":{"path":"","visible":false,"x":0,"y":0},"obstacle":false,"pass":true},{"0":{"60px":false,"path":"Res\/Graph\/Mass\/h40\/chip.png","x":40,"y":0},"1":{"60px":false,"path":"","x":0,"y":0},"2":{"60px":false,"path":"","x":0,"y":0},"item":{"path":"","visible":false,"x":0,"y":0},"obstacle":false,"pass":true},{"0":{"60px":false,"path":"Res\/Graph\/Mass\/h40\/chip.png","x":40,"y":0},"1":{"60px":false,"path":"","x":0,"y":0},"2":{"60px":false,"path":"","x":0,"y":0},"item":{"path":"","visible":false,"x":0,"y":0},"obstacle":false,"pass":true},{"0":{"60px":false,"path":"Res\/Graph\/Mass\/h40\/chip.png","x":40,"y":0},"1":{"60px":false,"path":"","x":0,"y":0},"2":{"60px":false,"path":"","x":0,"y":0},"item":{"path":"","visible":false,"x":0,"y":0},"obstacle":false,"pass":true},{"0":{"60px":false,"path":"Res\/Graph\/Mass\/h40\/chip.png","x":40,"y":0},"1":{"60px":false,"path":"","x":0,"y":0},"2":{"60px":false,"path":"","x":0,"y":0},"item":{"path":"","visible":false,"x":0,"y":0},"obstacle":false,"pass":true},{"0":{"60px":false,"path":"Res\/Graph\/Mass\/h40\/chip.png","x":40,"y":0},"1":{"60px":false,"path":"","x":0,"y":0},"2":{"60px":false,"path":"","x":0,"y":0},"item":{"path":"","visible":false,"x":0,"y":0},"obstacle":false,"pass":true},{"0":{"60px":false,"path":"Res\/Graph\/Mass\/h40\/chip.png","x":40,"y":0},"1":{"60px":false,"path":"","x":0,"y":0},"2":{"60px":false,"path":"","x":0,"y":0},"item":{"path":"","visible":false,"x":0,"y":0},"obstacle":false,"pass":true},{"0":{"60px":false,"path":"Res\/Graph\/Mass\/h40\/chip.png","x":40,"y":0},"1":{"60px":false,"path":"","x":0,"y":0},"2":{"60px":false,"path":"","x":0,"y":0},"item":{"path":"","visible":false,"x":0,"y":0},"obstacle":false,"pass":true},{"0":{"60px":false,"path":"Res\/Graph\/Mass\/h40\/chip.png","x":40,"y":0},"1":{"60px":false,"path":"","x":0,"y":0},"2":{"60px":false,"path":"","x":0,"y":0},"item":{"path":"","visible":false,"x":0,"y":0},"obstacle":false,"pass":true},{"0":{"60px":false,"path":"Res\/Graph\/Mass\/h40\/chip.png","x":40,"y":0},"1":{"60px":false,"path":"","x":0,"y":0},"2":{"60px":false,"path":"","x":0,"y":0},"item":{"path":"","visible":false,"x":0,"y":0},"obstacle":false,"pass":true},{"0":{"60px":false,"path":"Res\/Graph\/Mass\/h40\/chip.png","x":40,"y":0},"1":{"60px":false,"path":"","x":0,"y":0},"2":{"60px":false,"path":"","x":0,"y":0},"item":{"path":"","visible":false,"x":0,"y":0},"obstacle":false,"pass":true},{"0":{"60px":false,"path":"Res\/Graph\/Mass\/h40\/chip.png","x":40,"y":0},"1":{"60px":false,"path":"","x":0,"y":0},"2":{"60px":false,"path":"","x":0,"y":0},"item":{"path":"","visible":false,"x":0,"y":0},"obstacle":false,"pass":true},{"0":{"60px":false,"path":"Res\/Graph\/Mass\/h40\/chip.png","x":40,"y":0},"1":{"60px":false,"path":"","x":0,"y":0},"2":{"60px":false,"path":"","x":0,"y":0},"item":{"path":"","visible":false,"x":0,"y":0},"obstacle":false,"pass":true},{"0":{"60px":false,"path":"Res\/Graph\/Mass\/h40\/chip.png","x":40,"y":0},"1":{"60px":false,"path":"","x":0,"y":0},"2":{"60px":false,"path":"","x":0,"y":0},"item":{"path":"","visible":false,"x":0,"y":0},"obstacle":false,"pass":true},{"0":{"60px":false,"path":"Res\/Graph\/Mass\/h40\/chip.png","x":40,"y":0},"1":{"60px":false,"path":"","x":0,"y":0},"2":{"60px":false,"path":"","x":0,"y":0},"item":{"path":"","visible":false,"x":0,"y":0},"obstacle":false,"pass":true},{"0":{"60px":false,"path":"Res\/Graph\/Mass\/h40\/chip.png","x":120,"y":0},"1":{"60px":false,"path":"","x":0,"y":0},"2":{"60px":false,"path":"","x":0,"y":0},"item":{"path":"","visible":false,"x":0,"y":0},"obstacle":false,"pass":true}],[{"0":{"60px":false,"path":"Res\/Graph\/Mass\/h40\/chip.png","x":0,"y":0},"1":{"60px":true,"path":"Res\/Graph\/Mass\/h60\/obstacle.png","x":40,"y":0},"2":{"60px":false,"path":"","x":0,"y":0},"item":{"path":"","visible":false,"x":0,"y":0},"obstacle":false,"pass":false},{"0":{"60px":false,"path":"Res\/Graph\/Mass\/h40\/chip.png","x":40,"y":0},"1":{"60px":true,"path":"Res\/Graph\/Mass\/h60\/obstacle.png","x":40,"y":0},"2":{"60px":false,"path":"","x":0,"y":0},"item":{"path":"","visible":false,"x":0,"y":0},"obstacle":false,"pass":false},{"0":{"60px":false,"path":"Res\/Graph\/Mass\/h40\/chip.png","x":40,"y":0},"1":{"60px":true,"path":"Res\/Graph\/Mass\/h60\/obstacle.png","x":40,"y":0},"2":{"60px":false,"path":"","x":0,"y":0},"item":{"path":"","visible":false,"x":0,"y":0},"obstacle":false,"pass":false},{"0":{"60px":false,"path":"Res\/Graph\/Mass\/h40\/chip.png","x":40,"y":0},"1":{"60px":true,"path":"Res\/Graph\/Mass\/h60\/obstacle.png","x":40,"y":0},"2":{"60px":false,"path":"","x":0,"y":0},"item":{"path":"","visible":false,"x":0,"y":0},"obstacle":false,"pass":false},{"0":{"60px":false,"path":"Res\/Graph\/Mass\/h40\/chip.png","x":0,"y":0},"1":{"60px":true,"path":"Res\/Graph\/Mass\/h60\/obstacle.png","x":40,"y":0},"2":{"60px":false,"path":"","x":0,"y":0},"item":{"path":"","visible":false,"x":0,"y":0},"obstacle":false,"pass":false},{"0":{"60px":false,"path":"Res\/Graph\/Mass\/h40\/chip.png","x":0,"y":0},"1":{"60px":true,"path":"Res\/Graph\/Mass\/h60\/obstacle.png","x":40,"y":0},"2":{"60px":false,"path":"","x":0,"y":0},"item":{"path":"","visible":false,"x":0,"y":0},"obstacle":false,"pass":false},{"0":{"60px":false,"path":"Res\/Graph\/Mass\/h40\/chip.png","x":0,"y":0},"1":{"60px":true,"path":"Res\/Graph\/Mass\/h60\/obstacle.png","x":40,"y":0},"2":{"60px":false,"path":"","x":0,"y":0},"item":{"path":"","visible":false,"x":0,"y":0},"obstacle":false,"pass":false},{"0":{"60px":false,"path":"Res\/Graph\/Mass\/h40\/chip.png","x":0,"y":0},"1":{"60px":true,"path":"Res\/Graph\/Mass\/h60\/obstacle.png","x":40,"y":0},"2":{"60px":false,"path":"","x":0,"y":0},"item":{"path":"","visible":false,"x":0,"y":0},"obstacle":false,"pass":false},{"0":{"60px":false,"path":"Res\/Graph\/Mass\/h40\/chip.png","x":0,"y":0},"1":{"60px":true,"path":"Res\/Graph\/Mass\/h60\/obstacle.png","x":40,"y":0},"2":{"60px":false,"path":"","x":0,"y":0},"item":{"path":"","visible":false,"x":0,"y":0},"obstacle":false,"pass":false},{"0":{"60px":false,"path":"Res\/Graph\/Mass\/h40\/chip.png","x":0,"y":0},"1":{"60px":true,"path":"Res\/Graph\/Mass\/h60\/obstacle.png","x":40,"y":0},"2":{"60px":false,"path":"","x":0,"y":0},"item":{"path":"","visible":false,"x":0,"y":0},"obstacle":false,"pass":false},{"0":{"60px":false,"path":"Res\/Graph\/Mass\/h40\/chip.png","x":0,"y":0},"1":{"60px":true,"path":"Res\/Graph\/Mass\/h60\/obstacle.png","x":40,"y":0},"2":{"60px":false,"path":"","x":0,"y":0},"item":{"path":"","visible":false,"x":0,"y":0},"obstacle":false,"pass":false},{"0":{"60px":false,"path":"Res\/Graph\/Mass\/h40\/chip.png","x":0,"y":0},"1":{"60px":true,"path":"Res\/Graph\/Mass\/h60\/obstacle.png","x":40,"y":0},"2":{"60px":false,"path":"","x":0,"y":0},"item":{"path":"","visible":false,"x":0,"y":0},"obstacle":false,"pass":false},{"0":{"60px":false,"path":"Res\/Graph\/Mass\/h40\/chip.png","x":40,"y":0},"1":{"60px":true,"path":"Res\/Graph\/Mass\/h60\/obstacle.png","x":40,"y":0},"2":{"60px":false,"path":"","x":0,"y":0},"item":{"path":"","visible":false,"x":0,"y":0},"obstacle":false,"pass":false},{"0":{"60px":false,"path":"Res\/Graph\/Mass\/h40\/chip.png","x":40,"y":0},"1":{"60px":true,"path":"Res\/Graph\/Mass\/h60\/obstacle.png","x":40,"y":0},"2":{"60px":false,"path":"","x":0,"y":0},"item":{"path":"","visible":false,"x":0,"y":0},"obstacle":false,"pass":false},{"0":{"60px":false,"path":"Res\/Graph\/Mass\/h40\/chip.png","x":40,"y":0},"1":{"60px":true,"path":"Res\/Graph\/Mass\/h60\/obstacle.png","x":40,"y":0},"2":{"60px":false,"path":"","x":0,"y":0},"item":{"path":"","visible":false,"x":0,"y":0},"obstacle":false,"pass":false},{"0":{"60px":false,"path":"Res\/Graph\/Mass\/h40\/chip.png","x":40,"y":0},"1":{"60px":true,"path":"Res\/Graph\/Mass\/h60\/obstacle.png","x":40,"y":0},"2":{"60px":false,"path":"","x":0,"y":0},"item":{"path":"","visible":false,"x":0,"y":0},"obstacle":false,"pass":false},{"0":{"60px":false,"path":"Res\/Graph\/Mass\/h40\/chip.png","x":40,"y":0},"1":{"60px":true,"path":"Res\/Graph\/Mass\/h60\/obstacle.png","x":40,"y":0},"2":{"60px":false,"path":"","x":0,"y":0},"item":{"path":"","visible":false,"x":0,"y":0},"obstacle":false,"pass":false},{"0":{"60px":false,"path":"Res\/Graph\/Mass\/h40\/chip.png","x":40,"y":0},"1":{"60px":true,"path":"Res\/Graph\/Mass\/h60\/obstacle.png","x":40,"y":0},"2":{"60px":false,"path":"","x":0,"y":0},"item":{"path":"","visible":false,"x":0,"y":0},"obstacle":false,"pass":false},{"0":{"60px":false,"path":"Res\/Graph\/Mass\/h40\/chip.png","x":40,"y":0},"1":{"60px":true,"path":"Res\/Graph\/Mass\/h60\/obstacle.png","x":40,"y":0},"2":{"60px":false,"path":"","x":0,"y":0},"item":{"path":"","visible":false,"x":0,"y":0},"obstacle":false,"pass":false},{"0":{"60px":false,"path":"Res\/Graph\/Mass\/h40\/chip.png","x":40,"y":0},"1":{"60px":true,"path":"Res\/Graph\/Mass\/h60\/obstacle.png","x":40,"y":0},"2":{"60px":false,"path":"","x":0,"y":0},"item":{"path":"","visible":false,"x":0,"y":0},"obstacle":false,"pass":false},{"0":{"60px":false,"path":"Res\/Graph\/Mass\/h40\/chip.png","x":40,"y":0},"1":{"60px":true,"path":"Res\/Graph\/Mass\/h60\/obstacle.png","x":40,"y":0},"2":{"60px":false,"path":"","x":0,"y":0},"item":{"path":"","visible":false,"x":0,"y":0},"obstacle":false,"pass":false},{"0":{"60px":false,"path":"Res\/Graph\/Mass\/h40\/chip.png","x":40,"y":0},"1":{"60px":false,"path":"","x":0,"y":0},"2":{"60px":false,"path":"","x":0,"y":0},"item":{"path":"","visible":false,"x":0,"y":0},"obstacle":false,"pass":true},{"0":{"60px":false,"path":"Res\/Graph\/Mass\/h40\/chip.png","x":120,"y":0},"1":{"60px":true,"path":"Res\/Graph\/Mass\/h60\/obstacle.png","x":40,"y":0},"2":{"60px":false,"path":"","x":0,"y":0},"item":{"path":"","visible":false,"x":0,"y":0},"obstacle":false,"pass":false}],[{"0":{"60px":false,"path":"Res\/Graph\/Mass\/h40\/chip.png","x":0,"y":0},"1":{"60px":false,"path":"","x":0,"y":0},"2":{"60px":false,"path":"","x":0,"y":0},"item":{"path":"","visible":false,"x":0,"y":0},"obstacle":false,"pass":true},{"0":{"60px":false,"path":"Res\/Graph\/Mass\/h40\/chip.png","x":40,"y":0},"1":{"60px":false,"path":"","x":0,"y":0},"2":{"60px":false,"path":"","x":0,"y":0},"item":{"path":"","visible":false,"x":0,"y":0},"obstacle":false,"pass":true},{"0":{"60px":false,"path":"Res\/Graph\/Mass\/h40\/chip.png","x":40,"y":0},"1":{"60px":false,"path":"","x":0,"y":0},"2":{"60px":false,"path":"","x":0,"y":0},"item":{"path":"","visible":false,"x":0,"y":0},"obstacle":false,"pass":true},{"0":{"60px":false,"path":"Res\/Graph\/Mass\/h40\/chip.png","x":40,"y":0},"1":{"60px":false,"path":"","x":0,"y":0},"2":{"60px":false,"path":"","x":0,"y":0},"item":{"path":"","visible":false,"x":0,"y":0},"obstacle":false,"pass":true},{"0":{"60px":false,"path":"Res\/Graph\/Mass\/h40\/chip.png","x":40,"y":0},"1":{"60px":false,"path":"","x":0,"y":0},"2":{"60px":false,"path":"","x":0,"y":0},"item":{"path":"","visible":false,"x":0,"y":0},"obstacle":false,"pass":true},{"0":{"60px":false,"path":"Res\/Graph\/Mass\/h40\/chip.png","x":40,"y":0},"1":{"60px":false,"path":"","x":0,"y":0},"2":{"60px":false,"path":"","x":0,"y":0},"item":{"path":"","visible":false,"x":0,"y":0},"obstacle":false,"pass":true},{"0":{"60px":false,"path":"Res\/Graph\/Mass\/h40\/chip.png","x":40,"y":0},"1":{"60px":true,"path":"Res\/Graph\/Mass\/h60\/obstacle.png","x":80,"y":0},"2":{"60px":false,"path":"","x":0,"y":0},"item":{"path":"","visible":false,"x":0,"y":0},"obstacle":true,"pass":true},{"0":{"60px":false,"path":"Res\/Graph\/Mass\/h40\/chip.png","x":40,"y":0},"1":{"60px":false,"path":"Res\/Graph\/Mass\/h40\/obstacle.png","x":0,"y":0},"2":{"60px":false,"path":"","x":0,"y":0},"item":{"path":"","visible":false,"x":0,"y":0},"obstacle":true,"pass":true},{"0":{"60px":false,"path":"Res\/Graph\/Mass\/h40\/chip.png","x":40,"y":0},"1":{"60px":false,"path":"","x":0,"y":0},"2":{"60px":false,"path":"","x":0,"y":0},"item":{"path":"","visible":false,"x":0,"y":0},"obstacle":false,"pass":true},{"0":{"60px":false,"path":"Res\/Graph\/Mass\/h40\/chip.png","x":40,"y":0},"1":{"60px":false,"path":"","x":0,"y":0},"2":{"60px":false,"path":"","x":0,"y":0},"item":{"path":"","visible":false,"x":0,"y":0},"obstacle":false,"pass":true},{"0":{"60px":false,"path":"Res\/Graph\/Mass\/h40\/chip.png","x":40,"y":0},"1":{"60px":false,"path":"","x":0,"y":0},"2":{"60px":false,"path":"","x":0,"y":0},"item":{"path":"","visible":false,"x":0,"y":0},"obstacle":false,"pass":true},{"0":{"60px":false,"path":"Res\/Graph\/Mass\/h40\/chip.png","x":40,"y":0},"1":{"60px":false,"path":"","x":0,"y":0},"2":{"60px":false,"path":"","x":0,"y":0},"item":{"path":"","visible":false,"x":0,"y":0},"obstacle":false,"pass":true},{"0":{"60px":false,"path":"Res\/Graph\/Mass\/h40\/chip.png","x":40,"y":0},"1":{"60px":false,"path":"","x":0,"y":0},"2":{"60px":false,"path":"","x":0,"y":0},"item":{"path":"","visible":false,"x":0,"y":0},"obstacle":false,"pass":true},{"0":{"60px":false,"path":"Res\/Graph\/Mass\/h40\/chip.png","x":40,"y":0},"1":{"60px":false,"path":"","x":0,"y":0},"2":{"60px":false,"path":"","x":0,"y":0},"item":{"path":"","visible":false,"x":0,"y":0},"obstacle":false,"pass":true},{"0":{"60px":false,"path":"Res\/Graph\/Mass\/h40\/chip.png","x":40,"y":0},"1":{"60px":false,"path":"","x":0,"y":0},"2":{"60px":false,"path":"","x":0,"y":0},"item":{"path":"","visible":false,"x":0,"y":0},"obstacle":false,"pass":true},{"0":{"60px":false,"path":"Res\/Graph\/Mass\/h40\/chip.png","x":40,"y":0},"1":{"60px":false,"path":"","x":0,"y":0},"2":{"60px":false,"path":"","x":0,"y":0},"item":{"path":"","visible":false,"x":0,"y":0},"obstacle":false,"pass":true},{"0":{"60px":false,"path":"Res\/Graph\/Mass\/h40\/chip.png","x":40,"y":0},"1":{"60px":false,"path":"","x":0,"y":0},"2":{"60px":false,"path":"","x":0,"y":0},"item":{"path":"","visible":false,"x":0,"y":0},"obstacle":false,"pass":true},{"0":{"60px":false,"path":"Res\/Graph\/Mass\/h40\/chip.png","x":40,"y":0},"1":{"60px":true,"path":"Res\/Graph\/Mass\/h60\/obstacle.png","x":80,"y":0},"2":{"60px":false,"path":"","x":0,"y":0},"item":{"path":"","visible":false,"x":0,"y":0},"obstacle":true,"pass":true},{"0":{"60px":false,"path":"Res\/Graph\/Mass\/h40\/chip.png","x":40,"y":0},"1":{"60px":false,"path":"","x":0,"y":0},"2":{"60px":false,"path":"","x":0,"y":0},"item":{"path":"","visible":false,"x":0,"y":0},"obstacle":false,"pass":true},{"0":{"60px":false,"path":"Res\/Graph\/Mass\/h40\/chip.png","x":40,"y":0},"1":{"60px":false,"path":"","x":0,"y":0},"2":{"60px":false,"path":"","x":0,"y":0},"item":{"path":"","visible":false,"x":0,"y":0},"obstacle":false,"pass":true},{"0":{"60px":false,"path":"Res\/Graph\/Mass\/h40\/chip.png","x":40,"y":0},"1":{"60px":false,"path":"","x":0,"y":0},"2":{"60px":false,"path":"","x":0,"y":0},"item":{"path":"","visible":false,"x":0,"y":0},"obstacle":false,"pass":true},{"0":{"60px":false,"path":"Res\/Graph\/Mass\/h40\/chip.png","x":40,"y":0},"1":{"60px":false,"path":"","x":0,"y":0},"2":{"60px":false,"path":"","x":0,"y":0},"item":{"path":"","visible":false,"x":0,"y":0},"obstacle":false,"pass":true},{"0":{"60px":false,"path":"Res\/Graph\/Mass\/h40\/chip.png","x":120,"y":0},"1":{"60px":false,"path":"","x":0,"y":0},"2":{"60px":false,"path":"","x":0,"y":0},"item":{"path":"","visible":false,"x":0,"y":0},"obstacle":false,"pass":true}],[{"0":{"60px":false,"path":"Res\/Graph\/Mass\/h40\/chip.png","x":0,"y":0},"1":{"60px":false,"path":"","x":0,"y":0},"2":{"60px":false,"path":"","x":0,"y":0},"item":{"path":"","visible":false,"x":0,"y":0},"obstacle":false,"pass":true},{"0":{"60px":false,"path":"Res\/Graph\/Mass\/h40\/chip.png","x":40,"y":0},"1":{"60px":false,"path":"","x":0,"y":0},"2":{"60px":false,"path":"","x":0,"y":0},"item":{"path":"","visible":false,"x":0,"y":0},"obstacle":false,"pass":true},{"0":{"60px":false,"path":"Res\/Graph\/Mass\/h40\/chip.png","x":40,"y":0},"1":{"60px":false,"path":"","x":0,"y":0},"2":{"60px":false,"path":"","x":0,"y":0},"item":{"path":"","visible":false,"x":0,"y":0},"obstacle":false,"pass":true},{"0":{"60px":false,"path":"Res\/Graph\/Mass\/h40\/chip.png","x":40,"y":0},"1":{"60px":false,"path":"","x":0,"y":0},"2":{"60px":false,"path":"","x":0,"y":0},"item":{"path":"","visible":false,"x":0,"y":0},"obstacle":false,"pass":true},{"0":{"60px":false,"path":"Res\/Graph\/Mass\/h40\/chip.png","x":40,"y":0},"1":{"60px":false,"path":"","x":0,"y":0},"2":{"60px":false,"path":"","x":0,"y":0},"item":{"path":"","visible":false,"x":0,"y":0},"obstacle":false,"pass":true},{"0":{"60px":false,"path":"Res\/Graph\/Mass\/h40\/chip.png","x":40,"y":0},"1":{"60px":false,"path":"","x":0,"y":0},"2":{"60px":false,"path":"","x":0,"y":0},"item":{"path":"","visible":false,"x":0,"y":0},"obstacle":false,"pass":true},{"0":{"60px":false,"path":"Res\/Graph\/Mass\/h40\/chip.png","x":40,"y":0},"1":{"60px":false,"path":"","x":0,"y":0},"2":{"60px":false,"path":"","x":0,"y":0},"item":{"path":"","visible":false,"x":0,"y":0},"obstacle":false,"pass":true},{"0":{"60px":false,"path":"Res\/Graph\/Mass\/h40\/chip.png","x":40,"y":0},"1":{"60px":false,"path":"","x":0,"y":0},"2":{"60px":false,"path":"","x":0,"y":0},"item":{"path":"","visible":false,"x":0,"y":0},"obstacle":false,"pass":true},{"0":{"60px":false,"path":"Res\/Graph\/Mass\/h40\/chip.png","x":40,"y":0},"1":{"60px":false,"path":"","x":0,"y":0},"2":{"60px":false,"path":"","x":0,"y":0},"item":{"path":"","visible":false,"x":0,"y":0},"obstacle":false,"pass":true},{"0":{"60px":false,"path":"Res\/Graph\/Mass\/h40\/chip.png","x":40,"y":0},"1":{"60px":false,"path":"","x":0,"y":0},"2":{"60px":false,"path":"","x":0,"y":0},"item":{"path":"","visible":false,"x":0,"y":0},"obstacle":false,"pass":true},{"0":{"60px":false,"path":"Res\/Graph\/Mass\/h40\/chip.png","x":40,"y":0},"1":{"60px":false,"path":"","x":0,"y":0},"2":{"60px":false,"path":"","x":0,"y":0},"item":{"path":"","visible":false,"x":0,"y":0},"obstacle":false,"pass":true},{"0":{"60px":false,"path":"Res\/Graph\/Mass\/h40\/chip.png","x":40,"y":0},"1":{"60px":false,"path":"","x":0,"y":0},"2":{"60px":false,"path":"","x":0,"y":0},"item":{"path":"","visible":false,"x":0,"y":0},"obstacle":false,"pass":true},{"0":{"60px":false,"path":"Res\/Graph\/Mass\/h40\/chip.png","x":40,"y":0},"1":{"60px":false,"path":"","x":0,"y":0},"2":{"60px":false,"path":"","x":0,"y":0},"item":{"path":"","visible":false,"x":0,"y":0},"obstacle":false,"pass":true},{"0":{"60px":false,"path":"Res\/Graph\/Mass\/h40\/chip.png","x":40,"y":0},"1":{"60px":false,"path":"","x":0,"y":0},"2":{"60px":false,"path":"","x":0,"y":0},"item":{"path":"","visible":false,"x":0,"y":0},"obstacle":false,"pass":true},{"0":{"60px":false,"path":"Res\/Graph\/Mass\/h40\/chip.png","x":40,"y":0},"1":{"60px":false,"path":"","x":0,"y":0},"2":{"60px":false,"path":"","x":0,"y":0},"item":{"path":"","visible":false,"x":0,"y":0},"obstacle":false,"pass":true},{"0":{"60px":false,"path":"Res\/Graph\/Mass\/h40\/chip.png","x":40,"y":0},"1":{"60px":false,"path":"","x":0,"y":0},"2":{"60px":false,"path":"","x":0,"y":0},"item":{"path":"","visible":false,"x":0,"y":0},"obstacle":false,"pass":true},{"0":{"60px":false,"path":"Res\/Graph\/Mass\/h40\/chip.png","x":40,"y":0},"1":{"60px":false,"path":"","x":0,"y":0},"2":{"60px":false,"path":"","x":0,"y":0},"item":{"path":"","visible":false,"x":0,"y":0},"obstacle":false,"pass":true},{"0":{"60px":false,"path":"Res\/Graph\/Mass\/h40\/chip.png","x":40,"y":0},"1":{"60px":false,"path":"","x":0,"y":0},"2":{"60px":false,"path":"","x":0,"y":0},"item":{"path":"","visible":false,"x":0,"y":0},"obstacle":false,"pass":true},{"0":{"60px":false,"path":"Res\/Graph\/Mass\/h40\/chip.png","x":40,"y":0},"1":{"60px":false,"path":"","x":0,"y":0},"2":{"60px":false,"path":"","x":0,"y":0},"item":{"path":"","visible":false,"x":0,"y":0},"obstacle":false,"pass":true},{"0":{"60px":false,"path":"Res\/Graph\/Mass\/h40\/chip.png","x":40,"y":0},"1":{"60px":false,"path":"","x":0,"y":0},"2":{"60px":false,"path":"","x":0,"y":0},"item":{"path":"","visible":false,"x":0,"y":0},"obstacle":false,"pass":true},{"0":{"60px":false,"path":"Res\/Graph\/Mass\/h40\/chip.png","x":40,"y":0},"1":{"60px":false,"path":"","x":0,"y":0},"2":{"60px":false,"path":"","x":0,"y":0},"item":{"path":"","visible":false,"x":0,"y":0},"obstacle":false,"pass":true},{"0":{"60px":false,"path":"Res\/Graph\/Mass\/h40\/chip.png","x":40,"y":0},"1":{"60px":false,"path":"","x":0,"y":0},"2":{"60px":false,"path":"","x":0,"y":0},"item":{"path":"","visible":false,"x":0,"y":0},"obstacle":false,"pass":true},{"0":{"60px":false,"path":"Res\/Graph\/Mass\/h40\/chip.png","x":120,"y":0},"1":{"60px":false,"path":"","x":0,"y":0},"2":{"60px":false,"path":"","x":0,"y":0},"item":{"path":"","visible":false,"x":0,"y":0},"obstacle":false,"pass":true}],[{"0":{"60px":false,"path":"Res\/Graph\/Mass\/h40\/chip.png","x":0,"y":0},"1":{"60px":true,"path":"Res\/Graph\/Mass\/h60\/obstacle.png","x":0,"y":0},"2":{"60px":false,"path":"","x":0,"y":0},"item":{"path":"","visible":false,"x":0,"y":0},"obstacle":true,"pass":true},{"0":{"60px":false,"path":"Res\/Graph\/Mass\/h40\/chip.png","x":40,"y":0},"1":{"60px":false,"path":"","x":0,"y":0},"2":{"60px":false,"path":"","x":0,"y":0},"item":{"path":"","visible":false,"x":0,"y":0},"obstacle":false,"pass":true},{"0":{"60px":false,"path":"Res\/Graph\/Mass\/h40\/chip.png","x":40,"y":0},"1":{"60px":false,"path":"","x":0,"y":0},"2":{"60px":false,"path":"","x":0,"y":0},"item":{"path":"","visible":false,"x":0,"y":0},"obstacle":false,"pass":true},{"0":{"60px":false,"path":"Res\/Graph\/Mass\/h40\/chip.png","x":40,"y":0},"1":{"60px":false,"path":"","x":0,"y":0},"2":{"60px":false,"path":"","x":0,"y":0},"item":{"path":"","visible":false,"x":0,"y":0},"obstacle":false,"pass":true},{"0":{"60px":false,"path":"Res\/Graph\/Mass\/h40\/chip.png","x":40,"y":0},"1":{"60px":false,"path":"Res\/Graph\/Mass\/h40\/obstacle.png","x":40,"y":0},"2":{"60px":false,"path":"","x":0,"y":0},"item":{"path":"","visible":false,"x":0,"y":0},"obstacle":true,"pass":true},{"0":{"60px":false,"path":"Res\/Graph\/Mass\/h40\/chip.png","x":40,"y":0},"1":{"60px":false,"path":"","x":0,"y":0},"2":{"60px":false,"path":"","x":0,"y":0},"item":{"path":"","visible":false,"x":0,"y":0},"obstacle":false,"pass":true},{"0":{"60px":false,"path":"Res\/Graph\/Mass\/h40\/chip.png","x":40,"y":0},"1":{"60px":false,"path":"","x":0,"y":0},"2":{"60px":false,"path":"","x":0,"y":0},"item":{"path":"","visible":false,"x":0,"y":0},"obstacle":false,"pass":true},{"0":{"60px":false,"path":"Res\/Graph\/Mass\/h40\/chip.png","x":40,"y":0},"1":{"60px":false,"path":"","x":0,"y":0},"2":{"60px":false,"path":"","x":0,"y":0},"item":{"path":"","visible":false,"x":0,"y":0},"obstacle":false,"pass":true},{"0":{"60px":false,"path":"Res\/Graph\/Mass\/h40\/chip.png","x":40,"y":0},"1":{"60px":false,"path":"","x":0,"y":0},"2":{"60px":false,"path":"","x":0,"y":0},"item":{"path":"","visible":false,"x":0,"y":0},"obstacle":false,"pass":true},{"0":{"60px":false,"path":"Res\/Graph\/Mass\/h40\/chip.png","x":40,"y":0},"1":{"60px":false,"path":"Res\/Graph\/Mass\/h40\/obstacle.png","x":40,"y":0},"2":{"60px":false,"path":"","x":0,"y":0},"item":{"path":"","visible":false,"x":0,"y":0},"obstacle":true,"pass":true},{"0":{"60px":false,"path":"Res\/Graph\/Mass\/h40\/chip.png","x":40,"y":0},"1":{"60px":false,"path":"Res\/Graph\/Mass\/h40\/obstacle.png","x":0,"y":0},"2":{"60px":false,"path":"","x":0,"y":0},"item":{"path":"","visible":false,"x":0,"y":0},"obstacle":true,"pass":true},{"0":{"60px":false,"path":"Res\/Graph\/Mass\/h40\/chip.png","x":40,"y":0},"1":{"60px":false,"path":"","x":0,"y":0},"2":{"60px":false,"path":"","x":0,"y":0},"item":{"path":"","visible":false,"x":0,"y":0},"obstacle":false,"pass":true},{"0":{"60px":false,"path":"Res\/Graph\/Mass\/h40\/chip.png","x":40,"y":0},"1":{"60px":false,"path":"","x":0,"y":0},"2":{"60px":false,"path":"","x":0,"y":0},"item":{"path":"","visible":false,"x":0,"y":0},"obstacle":false,"pass":true},{"0":{"60px":false,"path":"Res\/Graph\/Mass\/h40\/chip.png","x":40,"y":0},"1":{"60px":false,"path":"","x":0,"y":0},"2":{"60px":false,"path":"","x":0,"y":0},"item":{"path":"","visible":false,"x":0,"y":0},"obstacle":false,"pass":true},{"0":{"60px":false,"path":"Res\/Graph\/Mass\/h40\/chip.png","x":40,"y":0},"1":{"60px":false,"path":"Res\/Graph\/Mass\/h40\/obstacle.png","x":40,"y":0},"2":{"60px":false,"path":"","x":0,"y":0},"item":{"path":"","visible":false,"x":0,"y":0},"obstacle":true,"pass":true},{"0":{"60px":false,"path":"Res\/Graph\/Mass\/h40\/chip.png","x":40,"y":0},"1":{"60px":false,"path":"","x":0,"y":0},"2":{"60px":false,"path":"","x":0,"y":0},"item":{"path":"","visible":false,"x":0,"y":0},"obstacle":false,"pass":true},{"0":{"60px":false,"path":"Res\/Graph\/Mass\/h40\/chip.png","x":40,"y":0},"1":{"60px":false,"path":"","x":0,"y":0},"2":{"60px":false,"path":"","x":0,"y":0},"item":{"path":"","visible":false,"x":0,"y":0},"obstacle":false,"pass":true},{"0":{"60px":false,"path":"Res\/Graph\/Mass\/h40\/chip.png","x":40,"y":0},"1":{"60px":false,"path":"","x":0,"y":0},"2":{"60px":false,"path":"","x":0,"y":0},"item":{"path":"","visible":false,"x":0,"y":0},"obstacle":false,"pass":true},{"0":{"60px":false,"path":"Res\/Graph\/Mass\/h40\/chip.png","x":40,"y":0},"1":{"60px":false,"path":"Res\/Graph\/Mass\/h40\/obstacle.png","x":0,"y":0},"2":{"60px":false,"path":"","x":0,"y":0},"item":{"path":"","visible":false,"x":0,"y":0},"obstacle":true,"pass":true},{"0":{"60px":false,"path":"Res\/Graph\/Mass\/h40\/chip.png","x":40,"y":0},"1":{"60px":false,"path":"Res\/Graph\/Mass\/h40\/obstacle.png","x":40,"y":0},"2":{"60px":false,"path":"","x":0,"y":0},"item":{"path":"","visible":false,"x":0,"y":0},"obstacle":true,"pass":true},{"0":{"60px":false,"path":"Res\/Graph\/Mass\/h40\/chip.png","x":40,"y":0},"1":{"60px":false,"path":"","x":0,"y":0},"2":{"60px":false,"path":"","x":0,"y":0},"item":{"path":"","visible":false,"x":0,"y":0},"obstacle":false,"pass":true},{"0":{"60px":false,"path":"Res\/Graph\/Mass\/h40\/chip.png","x":40,"y":0},"1":{"60px":false,"path":"","x":0,"y":0},"2":{"60px":false,"path":"","x":0,"y":0},"item":{"path":"","visible":false,"x":0,"y":0},"obstacle":false,"pass":true},{"0":{"60px":false,"path":"Res\/Graph\/Mass\/h40\/chip.png","x":120,"y":0},"1":{"60px":false,"path":"","x":0,"y":0},"2":{"60px":false,"path":"","x":0,"y":0},"item":{"path":"","visible":false,"x":0,"y":0},"obstacle":false,"pass":true}],[{"0":{"60px":false,"path":"Res\/Graph\/Mass\/h40\/chip.png","x":0,"y":0},"1":{"60px":false,"path":"","x":0,"y":0},"2":{"60px":false,"path":"","x":0,"y":0},"item":{"path":"","visible":false,"x":0,"y":0},"obstacle":false,"pass":true},{"0":{"60px":false,"path":"Res\/Graph\/Mass\/h40\/chip.png","x":40,"y":0},"1":{"60px":false,"path":"","x":0,"y":0},"2":{"60px":false,"path":"","x":0,"y":0},"item":{"path":"","visible":false,"x":0,"y":0},"obstacle":false,"pass":true},{"0":{"60px":false,"path":"Res\/Graph\/Mass\/h40\/chip.png","x":40,"y":0},"1":{"60px":false,"path":"","x":0,"y":0},"2":{"60px":false,"path":"","x":0,"y":0},"item":{"path":"","visible":false,"x":0,"y":0},"obstacle":false,"pass":true},{"0":{"60px":false,"path":"Res\/Graph\/Mass\/h40\/chip.png","x":40,"y":0},"1":{"60px":false,"path":"","x":0,"y":0},"2":{"60px":false,"path":"","x":0,"y":0},"item":{"path":"","visible":false,"x":0,"y":0},"obstacle":false,"pass":true},{"0":{"60px":false,"path":"Res\/Graph\/Mass\/h40\/chip.png","x":40,"y":0},"1":{"60px":false,"path":"","x":0,"y":0},"2":{"60px":false,"path":"","x":0,"y":0},"item":{"path":"","visible":false,"x":0,"y":0},"obstacle":false,"pass":true},{"0":{"60px":false,"path":"Res\/Graph\/Mass\/h40\/chip.png","x":40,"y":0},"1":{"60px":false,"path":"","x":0,"y":0},"2":{"60px":false,"path":"","x":0,"y":0},"item":{"path":"","visible":false,"x":0,"y":0},"obstacle":false,"pass":true},{"0":{"60px":false,"path":"Res\/Graph\/Mass\/h40\/chip.png","x":40,"y":0},"1":{"60px":false,"path":"","x":0,"y":0},"2":{"60px":false,"path":"","x":0,"y":0},"item":{"path":"","visible":false,"x":0,"y":0},"obstacle":false,"pass":true},{"0":{"60px":false,"path":"Res\/Graph\/Mass\/h40\/chip.png","x":40,"y":0},"1":{"60px":false,"path":"","x":0,"y":0},"2":{"60px":false,"path":"","x":0,"y":0},"item":{"path":"","visible":false,"x":0,"y":0},"obstacle":false,"pass":true},{"0":{"60px":false,"path":"Res\/Graph\/Mass\/h40\/chip.png","x":40,"y":0},"1":{"60px":false,"path":"","x":0,"y":0},"2":{"60px":false,"path":"","x":0,"y":0},"item":{"path":"","visible":false,"x":0,"y":0},"obstacle":false,"pass":true},{"0":{"60px":false,"path":"Res\/Graph\/Mass\/h40\/chip.png","x":40,"y":0},"1":{"60px":false,"path":"Res\/Graph\/Mass\/h40\/chip.png","x":80,"y":0},"2":{"60px":false,"path":"","x":0,"y":0},"item":{"path":"","visible":false,"x":0,"y":0},"obstacle":false,"pass":true},{"0":{"60px":false,"path":"Res\/Graph\/Mass\/h40\/chip.png","x":40,"y":0},"1":{"60px":false,"path":"","x":0,"y":0},"2":{"60px":false,"path":"","x":0,"y":0},"item":{"path":"","visible":false,"x":0,"y":0},"obstacle":false,"pass":true},{"0":{"60px":false,"path":"Res\/Graph\/Mass\/h40\/chip.png","x":40,"y":0},"1":{"60px":false,"path":"","x":0,"y":0},"2":{"60px":false,"path":"","x":0,"y":0},"item":{"path":"","visible":false,"x":0,"y":0},"obstacle":false,"pass":true},{"0":{"60px":false,"path":"Res\/Graph\/Mass\/h40\/chip.png","x":40,"y":0},"1":{"60px":false,"path":"","x":0,"y":0},"2":{"60px":false,"path":"","x":0,"y":0},"item":{"path":"","visible":false,"x":0,"y":0},"obstacle":false,"pass":true},{"0":{"60px":false,"path":"Res\/Graph\/Mass\/h40\/chip.png","x":40,"y":0},"1":{"60px":false,"path":"","x":0,"y":0},"2":{"60px":false,"path":"","x":0,"y":0},"item":{"path":"","visible":false,"x":0,"y":0},"obstacle":false,"pass":true},{"0":{"60px":false,"path":"Res\/Graph\/Mass\/h40\/chip.png","x":40,"y":0},"1":{"60px":false,"path":"Res\/Graph\/Mass\/h40\/chip.png","x":80,"y":0},"2":{"60px":false,"path":"","x":0,"y":0},"item":{"path":"","visible":false,"x":0,"y":0},"obstacle":false,"pass":true},{"0":{"60px":false,"path":"Res\/Graph\/Mass\/h40\/chip.png","x":40,"y":0},"1":{"60px":false,"path":"","x":0,"y":0},"2":{"60px":false,"path":"","x":0,"y":0},"item":{"path":"","visible":false,"x":0,"y":0},"obstacle":false,"pass":true},{"0":{"60px":false,"path":"Res\/Graph\/Mass\/h40\/chip.png","x":40,"y":0},"1":{"60px":false,"path":"","x":0,"y":0},"2":{"60px":false,"path":"","x":0,"y":0},"item":{"path":"","visible":false,"x":0,"y":0},"obstacle":false,"pass":true},{"0":{"60px":false,"path":"Res\/Graph\/Mass\/h40\/chip.png","x":40,"y":0},"1":{"60px":false,"path":"","x":0,"y":0},"2":{"60px":false,"path":"","x":0,"y":0},"item":{"path":"","visible":false,"x":0,"y":0},"obstacle":false,"pass":true},{"0":{"60px":false,"path":"Res\/Graph\/Mass\/h40\/chip.png","x":40,"y":0},"1":{"60px":false,"path":"","x":0,"y":0},"2":{"60px":false,"path":"","x":0,"y":0},"item":{"path":"","visible":false,"x":0,"y":0},"obstacle":false,"pass":true},{"0":{"60px":false,"path":"Res\/Graph\/Mass\/h40\/chip.png","x":40,"y":0},"1":{"60px":false,"path":"","x":0,"y":0},"2":{"60px":false,"path":"","x":0,"y":0},"item":{"path":"","visible":false,"x":0,"y":0},"obstacle":false,"pass":true},{"0":{"60px":false,"path":"Res\/Graph\/Mass\/h40\/chip.png","x":40,"y":0},"1":{"60px":false,"path":"","x":0,"y":0},"2":{"60px":false,"path":"","x":0,"y":0},"item":{"path":"","visible":false,"x":0,"y":0},"obstacle":false,"pass":true},{"0":{"60px":false,"path":"Res\/Graph\/Mass\/h40\/chip.png","x":40,"y":0},"1":{"60px":false,"path":"","x":0,"y":0},"2":{"60px":false,"path":"","x":0,"y":0},"item":{"path":"","visible":false,"x":0,"y":0},"obstacle":false,"pass":true},{"0":{"60px":false,"path":"Res\/Graph\/Mass\/h40\/chip.png","x":120,"y":0},"1":{"60px":false,"path":"","x":0,"y":0},"2":{"60px":false,"path":"","x":0,"y":0},"item":{"path":"","visible":false,"x":0,"y":0},"obstacle":false,"pass":true}],[{"0":{"60px":false,"path":"Res\/Graph\/Mass\/h40\/chip.png","x":0,"y":0},"1":{"60px":false,"path":"","x":0,"y":0},"2":{"60px":false,"path":"","x":0,"y":0},"item":{"path":"","visible":false,"x":0,"y":0},"obstacle":false,"pass":true},{"0":{"60px":false,"path":"Res\/Graph\/Mass\/h40\/chip.png","x":40,"y":0},"1":{"60px":false,"path":"","x":0,"y":0},"2":{"60px":false,"path":"","x":0,"y":0},"item":{"path":"","visible":false,"x":0,"y":0},"obstacle":false,"pass":true},{"0":{"60px":false,"path":"Res\/Graph\/Mass\/h40\/chip.png","x":40,"y":0},"1":{"60px":false,"path":"","x":0,"y":0},"2":{"60px":false,"path":"","x":0,"y":0},"item":{"path":"","visible":false,"x":0,"y":0},"obstacle":false,"pass":true},{"0":{"60px":false,"path":"Res\/Graph\/Mass\/h40\/chip.png","x":40,"y":0},"1":{"60px":false,"path":"","x":0,"y":0},"2":{"60px":false,"path":"","x":0,"y":0},"item":{"path":"","visible":false,"x":0,"y":0},"obstacle":false,"pass":true},{"0":{"60px":false,"path":"Res\/Graph\/Mass\/h40\/chip.png","x":40,"y":0},"1":{"60px":false,"path":"","x":0,"y":0},"2":{"60px":false,"path":"","x":0,"y":0},"item":{"path":"","visible":false,"x":0,"y":0},"obstacle":false,"pass":true},{"0":{"60px":false,"path":"Res\/Graph\/Mass\/h40\/chip.png","x":40,"y":0},"1":{"60px":false,"path":"","x":0,"y":0},"2":{"60px":false,"path":"","x":0,"y":0},"item":{"path":"","visible":false,"x":0,"y":0},"obstacle":false,"pass":true},{"0":{"60px":false,"path":"Res\/Graph\/Mass\/h40\/chip.png","x":40,"y":0},"1":{"60px":false,"path":"","x":0,"y":0},"2":{"60px":false,"path":"","x":0,"y":0},"item":{"path":"","visible":false,"x":0,"y":0},"obstacle":false,"pass":true},{"0":{"60px":false,"path":"Res\/Graph\/Mass\/h40\/chip.png","x":40,"y":0},"1":{"60px":false,"path":"","x":0,"y":0},"2":{"60px":false,"path":"","x":0,"y":0},"item":{"path":"","visible":false,"x":0,"y":0},"obstacle":false,"pass":true},{"0":{"60px":false,"path":"Res\/Graph\/Mass\/h40\/chip.png","x":40,"y":0},"1":{"60px":false,"path":"","x":0,"y":0},"2":{"60px":false,"path":"","x":0,"y":0},"item":{"path":"","visible":false,"x":0,"y":0},"obstacle":false,"pass":true},{"0":{"60px":false,"path":"Res\/Graph\/Mass\/h40\/chip.png","x":40,"y":0},"1":{"60px":false,"path":"","x":0,"y":0},"2":{"60px":false,"path":"","x":0,"y":0},"item":{"path":"","visible":false,"x":0,"y":0},"obstacle":false,"pass":true},{"0":{"60px":false,"path":"Res\/Graph\/Mass\/h40\/chip.png","x":40,"y":0},"1":{"60px":false,"path":"","x":0,"y":0},"2":{"60px":false,"path":"","x":0,"y":0},"item":{"path":"","visible":false,"x":0,"y":0},"obstacle":false,"pass":true},{"0":{"60px":false,"path":"Res\/Graph\/Mass\/h40\/chip.png","x":40,"y":0},"1":{"60px":false,"path":"","x":0,"y":0},"2":{"60px":false,"path":"","x":0,"y":0},"item":{"path":"","visible":false,"x":0,"y":0},"obstacle":false,"pass":true},{"0":{"60px":false,"path":"Res\/Graph\/Mass\/h40\/chip.png","x":40,"y":0},"1":{"60px":false,"path":"","x":0,"y":0},"2":{"60px":false,"path":"","x":0,"y":0},"item":{"path":"","visible":false,"x":0,"y":0},"obstacle":false,"pass":true},{"0":{"60px":false,"path":"Res\/Graph\/Mass\/h40\/chip.png","x":40,"y":0},"1":{"60px":false,"path":"","x":0,"y":0},"2":{"60px":false,"path":"","x":0,"y":0},"item":{"path":"","visible":false,"x":0,"y":0},"obstacle":false,"pass":true},{"0":{"60px":false,"path":"Res\/Graph\/Mass\/h40\/chip.png","x":40,"y":0},"1":{"60px":false,"path":"","x":0,"y":0},"2":{"60px":false,"path":"","x":0,"y":0},"item":{"path":"","visible":false,"x":0,"y":0},"obstacle":false,"pass":true},{"0":{"60px":false,"path":"Res\/Graph\/Mass\/h40\/chip.png","x":40,"y":0},"1":{"60px":false,"path":"","x":0,"y":0},"2":{"60px":false,"path":"","x":0,"y":0},"item":{"path":"","visible":false,"x":0,"y":0},"obstacle":false,"pass":true},{"0":{"60px":false,"path":"Res\/Graph\/Mass\/h40\/chip.png","x":40,"y":0},"1":{"60px":false,"path":"","x":0,"y":0},"2":{"60px":false,"path":"","x":0,"y":0},"item":{"path":"","visible":false,"x":0,"y":0},"obstacle":false,"pass":true},{"0":{"60px":false,"path":"Res\/Graph\/Mass\/h40\/chip.png","x":40,"y":0},"1":{"60px":false,"path":"","x":0,"y":0},"2":{"60px":false,"path":"","x":0,"y":0},"item":{"path":"","visible":false,"x":0,"y":0},"obstacle":false,"pass":true},{"0":{"60px":false,"path":"Res\/Graph\/Mass\/h40\/chip.png","x":40,"y":0},"1":{"60px":false,"path":"","x":0,"y":0},"2":{"60px":false,"path":"","x":0,"y":0},"item":{"path":"","visible":false,"x":0,"y":0},"obstacle":false,"pass":true},{"0":{"60px":false,"path":"Res\/Graph\/Mass\/h40\/chip.png","x":40,"y":0},"1":{"60px":false,"path":"","x":0,"y":0},"2":{"60px":false,"path":"","x":0,"y":0},"item":{"path":"","visible":false,"x":0,"y":0},"obstacle":false,"pass":true},{"0":{"60px":false,"path":"Res\/Graph\/Mass\/h40\/chip.png","x":40,"y":0},"1":{"60px":false,"path":"","x":0,"y":0},"2":{"60px":false,"path":"","x":0,"y":0},"item":{"path":"","visible":false,"x":0,"y":0},"obstacle":false,"pass":true},{"0":{"60px":false,"path":"Res\/Graph\/Mass\/h40\/chip.png","x":40,"y":0},"1":{"60px":false,"path":"","x":0,"y":0},"2":{"60px":false,"path":"","x":0,"y":0},"item":{"path":"","visible":false,"x":0,"y":0},"obstacle":false,"pass":true},{"0":{"60px":false,"path":"Res\/Graph\/Mass\/h40\/chip.png","x":120,"y":0},"1":{"60px":false,"path":"","x":0,"y":0},"2":{"60px":false,"path":"","x":0,"y":0},"item":{"path":"","visible":false,"x":0,"y":0},"obstacle":false,"pass":true}],[{"0":{"60px":false,"path":"Res\/Graph\/Mass\/h40\/chip.png","x":0,"y":0},"1":{"60px":true,"path":"Res\/Graph\/Mass\/h60\/obstacle.png","x":0,"y":0},"2":{"60px":false,"path":"","x":0,"y":0},"item":{"path":"","visible":false,"x":0,"y":0},"obstacle":true,"pass":true},{"0":{"60px":false,"path":"Res\/Graph\/Mass\/h40\/chip.png","x":40,"y":0},"1":{"60px":false,"path":"","x":0,"y":0},"2":{"60px":false,"path":"","x":0,"y":0},"item":{"path":"","visible":false,"x":0,"y":0},"obstacle":false,"pass":true},{"0":{"60px":false,"path":"Res\/Graph\/Mass\/h40\/chip.png","x":40,"y":0},"1":{"60px":false,"path":"","x":0,"y":0},"2":{"60px":false,"path":"","x":0,"y":0},"item":{"path":"","visible":false,"x":0,"y":0},"obstacle":false,"pass":true},{"0":{"60px":false,"path":"Res\/Graph\/Mass\/h40\/chip.png","x":40,"y":0},"1":{"60px":false,"path":"","x":0,"y":0},"2":{"60px":false,"path":"","x":0,"y":0},"item":{"path":"","visible":false,"x":0,"y":0},"obstacle":false,"pass":true},{"0":{"60px":false,"path":"Res\/Graph\/Mass\/h40\/chip.png","x":40,"y":0},"1":{"60px":false,"path":"Res\/Graph\/Mass\/h40\/obstacle.png","x":40,"y":0},"2":{"60px":false,"path":"","x":0,"y":0},"item":{"path":"","visible":false,"x":0,"y":0},"obstacle":true,"pass":true},{"0":{"60px":false,"path":"Res\/Graph\/Mass\/h40\/chip.png","x":40,"y":0},"1":{"60px":false,"path":"Res\/Graph\/Mass\/h40\/obstacle.png","x":0,"y":0},"2":{"60px":false,"path":"","x":0,"y":0},"item":{"path":"","visible":false,"x":0,"y":0},"obstacle":true,"pass":true},{"0":{"60px":false,"path":"Res\/Graph\/Mass\/h40\/chip.png","x":40,"y":0},"1":{"60px":false,"path":"","x":0,"y":0},"2":{"60px":false,"path":"","x":0,"y":0},"item":{"path":"","visible":false,"x":0,"y":0},"obstacle":false,"pass":true},{"0":{"60px":false,"path":"Res\/Graph\/Mass\/h40\/chip.png","x":40,"y":0},"1":{"60px":false,"path":"","x":0,"y":0},"2":{"60px":false,"path":"","x":0,"y":0},"item":{"path":"","visible":false,"x":0,"y":0},"obstacle":false,"pass":true},{"0":{"60px":false,"path":"Res\/Graph\/Mass\/h40\/chip.png","x":40,"y":0},"1":{"60px":false,"path":"","x":0,"y":0},"2":{"60px":false,"path":"","x":0,"y":0},"item":{"path":"","visible":false,"x":0,"y":0},"obstacle":false,"pass":true},{"0":{"60px":false,"path":"Res\/Graph\/Mass\/h40\/chip.png","x":40,"y":0},"1":{"60px":false,"path":"Res\/Graph\/Mass\/h40\/obstacle.png","x":40,"y":0},"2":{"60px":false,"path":"","x":0,"y":0},"item":{"path":"","visible":false,"x":0,"y":0},"obstacle":true,"pass":true},{"0":{"60px":false,"path":"Res\/Graph\/Mass\/h40\/chip.png","x":40,"y":0},"1":{"60px":false,"path":"","x":0,"y":0},"2":{"60px":false,"path":"","x":0,"y":0},"item":{"path":"","visible":false,"x":0,"y":0},"obstacle":false,"pass":true},{"0":{"60px":false,"path":"Res\/Graph\/Mass\/h40\/chip.png","x":40,"y":0},"1":{"60px":false,"path":"","x":0,"y":0},"2":{"60px":false,"path":"","x":0,"y":0},"item":{"path":"","visible":false,"x":0,"y":0},"obstacle":false,"pass":true},{"0":{"60px":false,"path":"Res\/Graph\/Mass\/h40\/chip.png","x":40,"y":0},"1":{"60px":false,"path":"","x":0,"y":0},"2":{"60px":false,"path":"","x":0,"y":0},"item":{"path":"","visible":false,"x":0,"y":0},"obstacle":false,"pass":true},{"0":{"60px":false,"path":"Res\/Graph\/Mass\/h40\/chip.png","x":40,"y":0},"1":{"60px":false,"path":"","x":0,"y":0},"2":{"60px":false,"path":"","x":0,"y":0},"item":{"path":"","visible":false,"x":0,"y":0},"obstacle":false,"pass":true},{"0":{"60px":false,"path":"Res\/Graph\/Mass\/h40\/chip.png","x":40,"y":0},"1":{"60px":false,"path":"Res\/Graph\/Mass\/h40\/obstacle.png","x":40,"y":0},"2":{"60px":false,"path":"","x":0,"y":0},"item":{"path":"","visible":false,"x":0,"y":0},"obstacle":true,"pass":true},{"0":{"60px":false,"path":"Res\/Graph\/Mass\/h40\/chip.png","x":40,"y":0},"1":{"60px":false,"path":"","x":0,"y":0},"2":{"60px":false,"path":"","x":0,"y":0},"item":{"path":"","visible":false,"x":0,"y":0},"obstacle":false,"pass":true},{"0":{"60px":false,"path":"Res\/Graph\/Mass\/h40\/chip.png","x":40,"y":0},"1":{"60px":false,"path":"","x":0,"y":0},"2":{"60px":false,"path":"","x":0,"y":0},"item":{"path":"","visible":false,"x":0,"y":0},"obstacle":false,"pass":true},{"0":{"60px":false,"path":"Res\/Graph\/Mass\/h40\/chip.png","x":40,"y":0},"1":{"60px":false,"path":"","x":0,"y":0},"2":{"60px":false,"path":"","x":0,"y":0},"item":{"path":"","visible":false,"x":0,"y":0},"obstacle":false,"pass":true},{"0":{"60px":false,"path":"Res\/Graph\/Mass\/h40\/chip.png","x":40,"y":0},"1":{"60px":true,"path":"Res\/Graph\/Mass\/h60\/obstacle.png","x":0,"y":0},"2":{"60px":false,"path":"","x":0,"y":0},"item":{"path":"","visible":false,"x":0,"y":0},"obstacle":true,"pass":true},{"0":{"60px":false,"path":"Res\/Graph\/Mass\/h40\/chip.png","x":40,"y":0},"1":{"60px":false,"path":"Res\/Graph\/Mass\/h40\/obstacle.png","x":40,"y":0},"2":{"60px":false,"path":"","x":0,"y":0},"item":{"path":"","visible":false,"x":0,"y":0},"obstacle":true,"pass":true},{"0":{"60px":false,"path":"Res\/Graph\/Mass\/h40\/chip.png","x":40,"y":0},"1":{"60px":false,"path":"Res\/Graph\/Mass\/h40\/obstacle.png","x":0,"y":0},"2":{"60px":false,"path":"","x":0,"y":0},"item":{"path":"","visible":false,"x":0,"y":0},"obstacle":true,"pass":true},{"0":{"60px":false,"path":"Res\/Graph\/Mass\/h40\/chip.png","x":40,"y":0},"1":{"60px":false,"path":"","x":0,"y":0},"2":{"60px":false,"path":"","x":0,"y":0},"item":{"path":"","visible":false,"x":0,"y":0},"obstacle":false,"pass":true},{"0":{"60px":false,"path":"Res\/Graph\/Mass\/h40\/chip.png","x":120,"y":0},"1":{"60px":false,"path":"","x":0,"y":0},"2":{"60px":false,"path":"","x":0,"y":0},"item":{"path":"","visible":false,"x":0,"y":0},"obstacle":false,"pass":true}],[{"0":{"60px":false,"path":"Res\/Graph\/Mass\/h40\/chip.png","x":0,"y":0},"1":{"60px":false,"path":"","x":0,"y":0},"2":{"60px":false,"path":"","x":0,"y":0},"item":{"path":"","visible":false,"x":0,"y":0},"obstacle":false,"pass":true},{"0":{"60px":false,"path":"Res\/Graph\/Mass\/h40\/chip.png","x":40,"y":0},"1":{"60px":false,"path":"","x":0,"y":0},"2":{"60px":false,"path":"","x":0,"y":0},"item":{"path":"","visible":false,"x":0,"y":0},"obstacle":false,"pass":true},{"0":{"60px":false,"path":"Res\/Graph\/Mass\/h40\/chip.png","x":40,"y":0},"1":{"60px":false,"path":"","x":0,"y":0},"2":{"60px":false,"path":"","x":0,"y":0},"item":{"path":"","visible":false,"x":0,"y":0},"obstacle":false,"pass":true},{"0":{"60px":false,"path":"Res\/Graph\/Mass\/h40\/chip.png","x":40,"y":0},"1":{"60px":false,"path":"","x":0,"y":0},"2":{"60px":false,"path":"","x":0,"y":0},"item":{"path":"","visible":false,"x":0,"y":0},"obstacle":false,"pass":true},{"0":{"60px":false,"path":"Res\/Graph\/Mass\/h40\/chip.png","x":40,"y":0},"1":{"60px":false,"path":"Res\/Graph\/Mass\/h40\/chip.png","x":80,"y":0},"2":{"60px":false,"path":"","x":0,"y":0},"item":{"path":"","visible":false,"x":0,"y":0},"obstacle":false,"pass":true},{"0":{"60px":false,"path":"Res\/Graph\/Mass\/h40\/chip.png","x":40,"y":0},"1":{"60px":false,"path":"","x":0,"y":0},"2":{"60px":false,"path":"","x":0,"y":0},"item":{"path":"","visible":false,"x":0,"y":0},"obstacle":false,"pass":true},{"0":{"60px":false,"path":"Res\/Graph\/Mass\/h40\/chip.png","x":40,"y":0},"1":{"60px":false,"path":"","x":0,"y":0},"2":{"60px":false,"path":"","x":0,"y":0},"item":{"path":"","visible":false,"x":0,"y":0},"obstacle":false,"pass":true},{"0":{"60px":false,"path":"Res\/Graph\/Mass\/h40\/chip.png","x":40,"y":0},"1":{"60px":false,"path":"","x":0,"y":0},"2":{"60px":false,"path":"","x":0,"y":0},"item":{"path":"","visible":false,"x":0,"y":0},"obstacle":false,"pass":true},{"0":{"60px":false,"path":"Res\/Graph\/Mass\/h40\/chip.png","x":40,"y":0},"1":{"60px":false,"path":"","x":0,"y":0},"2":{"60px":false,"path":"","x":0,"y":0},"item":{"path":"","visible":false,"x":0,"y":0},"obstacle":false,"pass":true},{"0":{"60px":false,"path":"Res\/Graph\/Mass\/h40\/chip.png","x":40,"y":0},"1":{"60px":false,"path":"","x":0,"y":0},"2":{"60px":false,"path":"","x":0,"y":0},"item":{"path":"","visible":false,"x":0,"y":0},"obstacle":false,"pass":true},{"0":{"60px":false,"path":"Res\/Graph\/Mass\/h40\/chip.png","x":40,"y":0},"1":{"60px":false,"path":"","x":0,"y":0},"2":{"60px":false,"path":"","x":0,"y":0},"item":{"path":"","visible":false,"x":0,"y":0},"obstacle":false,"pass":true},{"0":{"60px":false,"path":"Res\/Graph\/Mass\/h40\/chip.png","x":40,"y":0},"1":{"60px":false,"path":"","x":0,"y":0},"2":{"60px":false,"path":"","x":0,"y":0},"item":{"path":"","visible":false,"x":0,"y":0},"obstacle":false,"pass":true},{"0":{"60px":false,"path":"Res\/Graph\/Mass\/h40\/chip.png","x":40,"y":0},"1":{"60px":false,"path":"","x":0,"y":0},"2":{"60px":false,"path":"","x":0,"y":0},"item":{"path":"","visible":false,"x":0,"y":0},"obstacle":false,"pass":true},{"0":{"60px":false,"path":"Res\/Graph\/Mass\/h40\/chip.png","x":40,"y":0},"1":{"60px":false,"path":"","x":0,"y":0},"2":{"60px":false,"path":"","x":0,"y":0},"item":{"path":"","visible":false,"x":0,"y":0},"obstacle":false,"pass":true},{"0":{"60px":false,"path":"Res\/Graph\/Mass\/h40\/chip.png","x":40,"y":0},"1":{"60px":false,"path":"","x":0,"y":0},"2":{"60px":false,"path":"","x":0,"y":0},"item":{"path":"","visible":false,"x":0,"y":0},"obstacle":false,"pass":true},{"0":{"60px":false,"path":"Res\/Graph\/Mass\/h40\/chip.png","x":40,"y":0},"1":{"60px":false,"path":"","x":0,"y":0},"2":{"60px":false,"path":"","x":0,"y":0},"item":{"path":"","visible":false,"x":0,"y":0},"obstacle":false,"pass":true},{"0":{"60px":false,"path":"Res\/Graph\/Mass\/h40\/chip.png","x":40,"y":0},"1":{"60px":false,"path":"","x":0,"y":0},"2":{"60px":false,"path":"","x":0,"y":0},"item":{"path":"","visible":false,"x":0,"y":0},"obstacle":false,"pass":true},{"0":{"60px":false,"path":"Res\/Graph\/Mass\/h40\/chip.png","x":40,"y":0},"1":{"60px":false,"path":"","x":0,"y":0},"2":{"60px":false,"path":"","x":0,"y":0},"item":{"path":"","visible":false,"x":0,"y":0},"obstacle":false,"pass":true},{"0":{"60px":false,"path":"Res\/Graph\/Mass\/h40\/chip.png","x":40,"y":0},"1":{"60px":false,"path":"","x":0,"y":0},"2":{"60px":false,"path":"","x":0,"y":0},"item":{"path":"","visible":false,"x":0,"y":0},"obstacle":false,"pass":true},{"0":{"60px":false,"path":"Res\/Graph\/Mass\/h40\/chip.png","x":40,"y":0},"1":{"60px":false,"path":"Res\/Graph\/Mass\/h40\/chip.png","x":80,"y":0},"2":{"60px":false,"path":"","x":0,"y":0},"item":{"path":"","visible":false,"x":0,"y":0},"obstacle":false,"pass":true},{"0":{"60px":false,"path":"Res\/Graph\/Mass\/h40\/chip.png","x":40,"y":0},"1":{"60px":false,"path":"","x":0,"y":0},"2":{"60px":false,"path":"","x":0,"y":0},"item":{"path":"","visible":false,"x":0,"y":0},"obstacle":false,"pass":true},{"0":{"60px":false,"path":"Res\/Graph\/Mass\/h40\/chip.png","x":40,"y":0},"1":{"60px":false,"path":"","x":0,"y":0},"2":{"60px":false,"path":"","x":0,"y":0},"item":{"path":"","visible":false,"x":0,"y":0},"obstacle":false,"pass":true},{"0":{"60px":false,"path":"Res\/Graph\/Mass\/h40\/chip.png","x":120,"y":0},"1":{"60px":false,"path":"","x":0,"y":0},"2":{"60px":false,"path":"","x":0,"y":0},"item":{"path":"","visible":false,"x":0,"y":0},"obstacle":false,"pass":true}],[{"0":{"60px":false,"path":"Res\/Graph\/Mass\/h40\/chip.png","x":0,"y":0},"1":{"60px":false,"path":"","x":0,"y":0},"2":{"60px":false,"path":"","x":0,"y":0},"item":{"path":"","visible":false,"x":0,"y":0},"obstacle":false,"pass":true},{"0":{"60px":false,"path":"Res\/Graph\/Mass\/h40\/chip.png","x":40,"y":0},"1":{"60px":false,"path":"","x":0,"y":0},"2":{"60px":false,"path":"","x":0,"y":0},"item":{"path":"","visible":false,"x":0,"y":0},"obstacle":false,"pass":true},{"0":{"60px":false,"path":"Res\/Graph\/Mass\/h40\/chip.png","x":40,"y":0},"1":{"60px":false,"path":"","x":0,"y":0},"2":{"60px":false,"path":"","x":0,"y":0},"item":{"path":"","visible":false,"x":0,"y":0},"obstacle":false,"pass":true},{"0":{"60px":false,"path":"Res\/Graph\/Mass\/h40\/chip.png","x":40,"y":0},"1":{"60px":false,"path":"","x":0,"y":0},"2":{"60px":false,"path":"","x":0,"y":0},"item":{"path":"","visible":false,"x":0,"y":0},"obstacle":false,"pass":true},{"0":{"60px":false,"path":"Res\/Graph\/Mass\/h40\/chip.png","x":40,"y":0},"1":{"60px":false,"path":"","x":0,"y":0},"2":{"60px":false,"path":"","x":0,"y":0},"item":{"path":"","visible":false,"x":0,"y":0},"obstacle":false,"pass":true},{"0":{"60px":false,"path":"Res\/Graph\/Mass\/h40\/chip.png","x":40,"y":0},"1":{"60px":false,"path":"","x":0,"y":0},"2":{"60px":false,"path":"","x":0,"y":0},"item":{"path":"","visible":false,"x":0,"y":0},"obstacle":false,"pass":true},{"0":{"60px":false,"path":"Res\/Graph\/Mass\/h40\/chip.png","x":40,"y":0},"1":{"60px":false,"path":"","x":0,"y":0},"2":{"60px":false,"path":"","x":0,"y":0},"item":{"path":"","visible":false,"x":0,"y":0},"obstacle":false,"pass":true},{"0":{"60px":false,"path":"Res\/Graph\/Mass\/h40\/chip.png","x":40,"y":0},"1":{"60px":false,"path":"","x":0,"y":0},"2":{"60px":false,"path":"","x":0,"y":0},"item":{"path":"","visible":false,"x":0,"y":0},"obstacle":false,"pass":true},{"0":{"60px":false,"path":"Res\/Graph\/Mass\/h40\/chip.png","x":40,"y":0},"1":{"60px":false,"path":"","x":0,"y":0},"2":{"60px":false,"path":"","x":0,"y":0},"item":{"path":"","visible":false,"x":0,"y":0},"obstacle":false,"pass":true},{"0":{"60px":false,"path":"Res\/Graph\/Mass\/h40\/chip.png","x":40,"y":0},"1":{"60px":false,"path":"","x":0,"y":0},"2":{"60px":false,"path":"","x":0,"y":0},"item":{"path":"","visible":false,"x":0,"y":0},"obstacle":false,"pass":true},{"0":{"60px":false,"path":"Res\/Graph\/Mass\/h40\/chip.png","x":40,"y":0},"1":{"60px":false,"path":"","x":0,"y":0},"2":{"60px":false,"path":"","x":0,"y":0},"item":{"path":"","visible":false,"x":0,"y":0},"obstacle":false,"pass":true},{"0":{"60px":false,"path":"Res\/Graph\/Mass\/h40\/chip.png","x":40,"y":0},"1":{"60px":false,"path":"","x":0,"y":0},"2":{"60px":false,"path":"","x":0,"y":0},"item":{"path":"","visible":false,"x":0,"y":0},"obstacle":false,"pass":true},{"0":{"60px":false,"path":"Res\/Graph\/Mass\/h40\/chip.png","x":40,"y":0},"1":{"60px":false,"path":"","x":0,"y":0},"2":{"60px":false,"path":"","x":0,"y":0},"item":{"path":"","visible":false,"x":0,"y":0},"obstacle":false,"pass":true},{"0":{"60px":false,"path":"Res\/Graph\/Mass\/h40\/chip.png","x":40,"y":0},"1":{"60px":false,"path":"","x":0,"y":0},"2":{"60px":false,"path":"","x":0,"y":0},"item":{"path":"","visible":false,"x":0,"y":0},"obstacle":false,"pass":true},{"0":{"60px":false,"path":"Res\/Graph\/Mass\/h40\/chip.png","x":40,"y":0},"1":{"60px":false,"path":"","x":0,"y":0},"2":{"60px":false,"path":"","x":0,"y":0},"item":{"path":"","visible":false,"x":0,"y":0},"obstacle":false,"pass":true},{"0":{"60px":false,"path":"Res\/Graph\/Mass\/h40\/chip.png","x":40,"y":0},"1":{"60px":false,"path":"","x":0,"y":0},"2":{"60px":false,"path":"","x":0,"y":0},"item":{"path":"","visible":false,"x":0,"y":0},"obstacle":false,"pass":true},{"0":{"60px":false,"path":"Res\/Graph\/Mass\/h40\/chip.png","x":40,"y":0},"1":{"60px":false,"path":"","x":0,"y":0},"2":{"60px":false,"path":"","x":0,"y":0},"item":{"path":"","visible":false,"x":0,"y":0},"obstacle":false,"pass":true},{"0":{"60px":false,"path":"Res\/Graph\/Mass\/h40\/chip.png","x":40,"y":0},"1":{"60px":false,"path":"","x":0,"y":0},"2":{"60px":false,"path":"","x":0,"y":0},"item":{"path":"","visible":false,"x":0,"y":0},"obstacle":false,"pass":true},{"0":{"60px":false,"path":"Res\/Graph\/Mass\/h40\/chip.png","x":40,"y":0},"1":{"60px":false,"path":"","x":0,"y":0},"2":{"60px":false,"path":"","x":0,"y":0},"item":{"path":"","visible":false,"x":0,"y":0},"obstacle":false,"pass":true},{"0":{"60px":false,"path":"Res\/Graph\/Mass\/h40\/chip.png","x":40,"y":0},"1":{"60px":false,"path":"","x":0,"y":0},"2":{"60px":false,"path":"","x":0,"y":0},"item":{"path":"","visible":false,"x":0,"y":0},"obstacle":false,"pass":true},{"0":{"60px":false,"path":"Res\/Graph\/Mass\/h40\/chip.png","x":40,"y":0},"1":{"60px":false,"path":"","x":0,"y":0},"2":{"60px":false,"path":"","x":0,"y":0},"item":{"path":"","visible":false,"x":0,"y":0},"obstacle":false,"pass":true},{"0":{"60px":false,"path":"Res\/Graph\/Mass\/h40\/chip.png","x":40,"y":0},"1":{"60px":false,"path":"","x":0,"y":0},"2":{"60px":false,"path":"","x":0,"y":0},"item":{"path":"","visible":false,"x":0,"y":0},"obstacle":false,"pass":true},{"0":{"60px":false,"path":"Res\/Graph\/Mass\/h40\/chip.png","x":120,"y":0},"1":{"60px":false,"path":"","x":0,"y":0},"2":{"60px":false,"path":"","x":0,"y":0},"item":{"path":"","visible":false,"x":0,"y":0},"obstacle":false,"pass":true}],[{"0":{"60px":false,"path":"Res\/Graph\/Mass\/h40\/chip.png","x":0,"y":0},"1":{"60px":true,"path":"Res\/Graph\/Mass\/h60\/chip.png","x":0,"y":120},"2":{"60px":false,"path":"","x":0,"y":0},"item":{"path":"","visible":false,"x":0,"y":0},"obstacle":false,"pass":false},{"0":{"60px":false,"path":"Res\/Graph\/Mass\/h40\/chip.png","x":0,"y":0},"1":{"60px":true,"path":"Res\/Graph\/Mass\/h60\/chip.png","x":0,"y":120},"2":{"60px":false,"path":"","x":0,"y":0},"item":{"path":"","visible":false,"x":0,"y":0},"obstacle":false,"pass":false},{"0":{"60px":false,"path":"Res\/Graph\/Mass\/h40\/chip.png","x":0,"y":0},"1":{"60px":true,"path":"Res\/Graph\/Mass\/h60\/chip.png","x":40,"y":120},"2":{"60px":false,"path":"","x":0,"y":0},"item":{"path":"","visible":false,"x":0,"y":0},"obstacle":false,"pass":false},{"0":{"60px":false,"path":"Res\/Graph\/Mass\/h40\/chip.png","x":0,"y":0},"1":{"60px":true,"path":"Res\/Graph\/Mass\/h60\/chip.png","x":0,"y":120},"2":{"60px":false,"path":"","x":0,"y":0},"item":{"path":"","visible":false,"x":0,"y":0},"obstacle":false,"pass":false},{"0":{"60px":false,"path":"Res\/Graph\/Mass\/h40\/chip.png","x":0,"y":0},"1":{"60px":true,"path":"Res\/Graph\/Mass\/h60\/chip.png","x":40,"y":120},"2":{"60px":false,"path":"","x":0,"y":0},"item":{"path":"","visible":false,"x":0,"y":0},"obstacle":false,"pass":false},{"0":{"60px":false,"path":"Res\/Graph\/Mass\/h40\/chip.png","x":0,"y":0},"1":{"60px":true,"path":"Res\/Graph\/Mass\/h60\/chip.png","x":0,"y":120},"2":{"60px":false,"path":"","x":0,"y":0},"item":{"path":"","visible":false,"x":0,"y":0},"obstacle":false,"pass":false},{"0":{"60px":false,"path":"Res\/Graph\/Mass\/h40\/chip.png","x":0,"y":0},"1":{"60px":true,"path":"Res\/Graph\/Mass\/h60\/chip.png","x":40,"y":120},"2":{"60px":false,"path":"","x":0,"y":0},"item":{"path":"","visible":false,"x":0,"y":0},"obstacle":false,"pass":false},{"0":{"60px":false,"path":"Res\/Graph\/Mass\/h40\/chip.png","x":0,"y":0},"1":{"60px":true,"path":"Res\/Graph\/Mass\/h60\/chip.png","x":0,"y":120},"2":{"60px":false,"path":"","x":0,"y":0},"item":{"path":"","visible":false,"x":0,"y":0},"obstacle":false,"pass":false},{"0":{"60px":false,"path":"Res\/Graph\/Mass\/h40\/chip.png","x":0,"y":0},"1":{"60px":true,"path":"Res\/Graph\/Mass\/h60\/chip.png","x":40,"y":120},"2":{"60px":false,"path":"","x":0,"y":0},"item":{"path":"","visible":false,"x":0,"y":0},"obstacle":false,"pass":false},{"0":{"60px":false,"path":"Res\/Graph\/Mass\/h40\/chip.png","x":0,"y":0},"1":{"60px":true,"path":"Res\/Graph\/Mass\/h60\/chip.png","x":0,"y":120},"2":{"60px":false,"path":"","x":0,"y":0},"item":{"path":"","visible":false,"x":0,"y":0},"obstacle":false,"pass":false},{"0":{"60px":false,"path":"Res\/Graph\/Mass\/h40\/chip.png","x":0,"y":0},"1":{"60px":true,"path":"Res\/Graph\/Mass\/h60\/chip.png","x":40,"y":120},"2":{"60px":false,"path":"","x":0,"y":0},"item":{"path":"","visible":false,"x":0,"y":0},"obstacle":false,"pass":false},{"0":{"60px":false,"path":"Res\/Graph\/Mass\/h40\/chip.png","x":0,"y":0},"1":{"60px":true,"path":"Res\/Graph\/Mass\/h60\/chip.png","x":0,"y":120},"2":{"60px":false,"path":"","x":0,"y":0},"item":{"path":"","visible":false,"x":0,"y":0},"obstacle":false,"pass":false},{"0":{"60px":false,"path":"Res\/Graph\/Mass\/h40\/chip.png","x":0,"y":0},"1":{"60px":true,"path":"Res\/Graph\/Mass\/h60\/chip.png","x":40,"y":120},"2":{"60px":false,"path":"","x":0,"y":0},"item":{"path":"","visible":false,"x":0,"y":0},"obstacle":false,"pass":false},{"0":{"60px":false,"path":"Res\/Graph\/Mass\/h40\/chip.png","x":0,"y":0},"1":{"60px":true,"path":"Res\/Graph\/Mass\/h60\/chip.png","x":0,"y":120},"2":{"60px":false,"path":"","x":0,"y":0},"item":{"path":"","visible":false,"x":0,"y":0},"obstacle":false,"pass":false},{"0":{"60px":false,"path":"Res\/Graph\/Mass\/h40\/chip.png","x":0,"y":0},"1":{"60px":true,"path":"Res\/Graph\/Mass\/h60\/chip.png","x":40,"y":120},"2":{"60px":false,"path":"","x":0,"y":0},"item":{"path":"","visible":false,"x":0,"y":0},"obstacle":false,"pass":false},{"0":{"60px":false,"path":"Res\/Graph\/Mass\/h40\/chip.png","x":0,"y":0},"1":{"60px":true,"path":"Res\/Graph\/Mass\/h60\/chip.png","x":80,"y":120},"2":{"60px":false,"path":"","x":0,"y":0},"item":{"path":"","visible":false,"x":0,"y":0},"obstacle":false,"pass":false},{"0":{"60px":false,"path":"Res\/Graph\/Mass\/h40\/chip.png","x":0,"y":0},"1":{"60px":true,"path":"Res\/Graph\/Mass\/h60\/chip.png","x":120,"y":120},"2":{"60px":false,"path":"","x":0,"y":0},"item":{"path":"","visible":false,"x":0,"y":0},"obstacle":false,"pass":false},{"0":{"60px":false,"path":"Res\/Graph\/Mass\/h40\/chip.png","x":0,"y":0},"1":{"60px":true,"path":"Res\/Graph\/Mass\/h60\/chip.png","x":160,"y":120},"2":{"60px":false,"path":"","x":0,"y":0},"item":{"path":"","visible":false,"x":0,"y":0},"obstacle":false,"pass":false},{"0":{"60px":false,"path":"Res\/Graph\/Mass\/h40\/chip.png","x":0,"y":0},"1":{"60px":true,"path":"Res\/Graph\/Mass\/h60\/chip.png","x":200,"y":120},"2":{"60px":false,"path":"","x":0,"y":0},"item":{"path":"","visible":false,"x":0,"y":0},"obstacle":false,"pass":false},{"0":{"60px":false,"path":"Res\/Graph\/Mass\/h40\/chip.png","x":0,"y":0},"1":{"60px":true,"path":"Res\/Graph\/Mass\/h60\/chip.png","x":80,"y":60},"2":{"60px":false,"path":"","x":0,"y":0},"item":{"path":"","visible":false,"x":0,"y":0},"obstacle":false,"pass":false},{"0":{"60px":false,"path":"Res\/Graph\/Mass\/h40\/chip.png","x":0,"y":0},"1":{"60px":true,"path":"Res\/Graph\/Mass\/h60\/chip.png","x":120,"y":120},"2":{"60px":false,"path":"","x":0,"y":0},"item":{"path":"","visible":false,"x":0,"y":0},"obstacle":false,"pass":false},{"0":{"60px":false,"path":"Res\/Graph\/Mass\/h40\/chip.png","x":0,"y":0},"1":{"60px":true,"path":"Res\/Graph\/Mass\/h60\/chip.png","x":0,"y":120},"2":{"60px":false,"path":"","x":0,"y":0},"item":{"path":"","visible":false,"x":0,"y":0},"obstacle":false,"pass":false},{"0":{"60px":false,"path":"Res\/Graph\/Mass\/h40\/chip.png","x":0,"y":0},"1":{"60px":true,"path":"Res\/Graph\/Mass\/h60\/chip.png","x":40,"y":120},"2":{"60px":false,"path":"","x":0,"y":0},"item":{"path":"","visible":false,"x":0,"y":0},"obstacle":false,"pass":false}]],"Player":{"x":4,"y":15},"Score":-1}